id	facility_name	is_active	show_in_tab	user_id	terms_when_signed	facility_address	facility_contact	facility_email	requester_name	requester_department	requester_designation	requester_con_number	requester_email	focal_name	focal_designation	focal_con_number	focal_email	alt_focal_name	alt_focal_designation	alt_focal_con_number	alt_focal_email	developer_name	developer_address	developer_con_number	developer_email	purpose_of_server	expected_benefit	resource_needs	frontend_info	backend_info	db_info	others_info	server_type	server_type_other_details	hosted_service	hosted_service_other_details	processor_required	processor_required_other_details	memory_ram	memory_ram_other_details	space_for_os	space_for_os_other_details	additional_space	additional_space_other_details	raid_configuration	os_name	os_version	license_provided_by	additional_software_packages	domain_name	ssl_provider	ssl_cost	network_access_required	firewal_port_1	firewal_purpose_1	firewal_port_2	firewal_purpose_2	firewal_port_3	firewal_purpose_3	backup_space_required	backup_performed_by	backup_frequency	accept_check_bottom	rquester_full_name	requester_signature	request_date	accept_check1	backup_space_required_other_details	request_status	approver1_name	approver2_name	approver3_name	approver4_name	server_name_id	deployment_team	deployment_timeline	server_assigned_details	deployment_date	application_name	project_end_date	renew_check	software_license_info	os_license_info	db_license_info	others_license_info	proxy_ip_name	sub_domain_name
3	e-Health, MIS DGHS	1	0	98	Without DGHS’s management’s prior written approval Data Center management personnel of DGHS will not provide management access to the server from the internet.<br/>\
All required information must be filled up by the requester of the server.<br/>\
Server deployment will be done after approval from DGHS MIS authority.<br/>\
The requester must ensure that their software or web application does not contain any malicious code, vulnerabilities, or defects that could compromise the security, stability, or performance of the server or the network.<br/>\
All applications deployed on the server must comply with established national and international industry security standards and best practices.<br/>\
The service owner will be responsible for any harm caused by their software or web application, including data breaches, service disruptions, or unauthorized access resulting from the application.<br/>\
The service owner must test their software for risks/vulnerabilities before deployment and a report will be submitted to MIS.<br/>\
Required patch update or anything needful to ensure cyber security must be done by developer or organization.<br/>\
In the case of API integration, the service owner must comply with all terms and conditions as outlined in the API contract.<br/>\
The service owner must maintain an independent backup locally of the application, database (dump) for redundancy and recovery in unforeseen situations.<br/>\
If the system is no longer in use for any reason, then the system owner will inform to MIS, DGHS.<br/>\
Acknowledgment and Acceptance<br/>\
By signing below, the service owner agrees to the above terms and confirms compliance with the stated conditions.<br/>\
            	Mohakhali Dhaka	01322858216	sofordar@mis.dghs.gov.bd	Dr. Md Zahidul Islam	e-Health	DPM	01322858216	sofordar@mis.dghs.gov.bd	Dr. Md Zahidul Islam	DPM	01322858216	sofordar@mis.dghs.gov.bd	Dr. Md Zahidul Islam	DPM	01322858216	sofordar@mis.dghs.gov.bd	Abu Jobayer Bin Ali	MIS DGHS, Mohakhali, Dhaka	01718542900	jobayer.sd.ntp@gmail.com	Hosting	CI/CD implementation	Initial Assumption	N/A	N/A	N/A	N/A	Production		Application		8 cores		16 GB		50 GB		Other	0	RAID 0	Ubuntu	22.04	Open Source	N/A		MIS	Open source	Internet Access							50 GB	MIS	Daily	accept	Dr. Md. Zahidul Islam	1625005159_1753607559.jpg	2025-07-27	accept		Approved & Deployed	Younus Jamil Rana	Kazi Fabliha Tasnim	Sukhendu Shekhor Roy	Zulfiker Ali	dghs-ci/cd01	NNS Solution ltd	30/07/2025 \
3.00PM	 Server name: dghs-ci/cd01\
Server IP : 172.16.18.141\
OS : Ubuntu 22.04\
CPU : 4\
Memory : 8 G\
Storage :55 GB\
Username; root/mishealth\
	2025-07-30	\N	\N	\N	\N	\N	\N	\N	\N	\N
4	MIS, DGHS	1	0	99	Without DGHS’s management’s prior written approval Data Center management personnel of DGHS will not provide management access to the server from the internet.<br/>\
All required information must be filled up by the requester of the server.<br/>\
Server deployment will be done after approval from DGHS MIS authority.<br/>\
The requester must ensure that their software or web application does not contain any malicious code, vulnerabilities, or defects that could compromise the security, stability, or performance of the server or the network.<br/>\
All applications deployed on the server must comply with established national and international industry security standards and best practices.<br/>\
The service owner will be responsible for any harm caused by their software or web application, including data breaches, service disruptions, or unauthorized access resulting from the application.<br/>\
The service owner must test their software for risks/vulnerabilities before deployment and a report will be submitted to MIS.<br/>\
Required patch update or anything needful to ensure cyber security must be done by developer or organization.<br/>\
In the case of API integration, the service owner must comply with all terms and conditions as outlined in the API contract.<br/>\
The service owner must maintain an independent backup locally of the application, database (dump) for redundancy and recovery in unforeseen situations.<br/>\
If the system is no longer in use for any reason, then the system owner will inform to MIS, DGHS.<br/>\
Acknowledgment and Acceptance<br/>\
By signing below, the service owner agrees to the above terms and confirms compliance with the stated conditions.<br/>\
            	TB Gate, Mohakhali, Dhaka	01711731891	system.analyst@mis.dghs.gov.bd	Muhammed Ziaul Alam Chowdhury	MIS, DGHS	System Analyst	01711731891	system.analyst@mis.dghs.gov.bd	Muhammed Ziaul Alam Chowdhury	System Analyst	01711731891	system.analyst@mis.dghs.gov.bd	Md. Akber Hossain	Programmer	01701248094	programmer2@mis.dghs.gov.bd	MIS, DGHS	TB Gate, Mohakhali, Dhaka	01711731891	system.analyst@mis.dghs.gov.bd	Testing different systems' life cycle	Testing different systems' life cycle	Testing different systems' life cycle	N/A	N/A	N/A	N/A	Production		Application		4 cores		8 GB		50 GB		Other	N/A	RAID 0	Ubuntu	22.04	Open Source	N/A	N/A	MIS	Open source	Internet Access							Other	MIS	Monthly	accept	Muhammed Ziaul Alam Chowdhury	2000402826_1753610398.png	2025-07-27	accept	N/A	Approved & Deployed	Younus Jamil Rana	Kazi Fabliha Tasnim	Sukhendu Shekhor Roy	Zulfiker Ali	dghs-ci/cd02	NNS Solution ltd	30/07/2025	Server name: dghs-ci/cd02\
Server IP : 172.16.18.142\
OS : Ubuntu 22.04\
CPU : 8\
Memory : 16 G\
Storage :55 GB\
Username; root/mishealth	2025-07-30	\N	\N	\N	\N	\N	\N	\N	\N	\N
5	MIS, DGHS\
	1	0	99	Without DGHS’s management’s prior written approval Data Center management personnel of DGHS will not provide management access to the server from the internet.<br/>\
All required information must be filled up by the requester of the server.<br/>\
Server deployment will be done after approval from DGHS MIS authority.<br/>\
The requester must ensure that their software or web application does not contain any malicious code, vulnerabilities, or defects that could compromise the security, stability, or performance of the server or the network.<br/>\
All applications deployed on the server must comply with established national and international industry security standards and best practices.<br/>\
The service owner will be responsible for any harm caused by their software or web application, including data breaches, service disruptions, or unauthorized access resulting from the application.<br/>\
The service owner must test their software for risks/vulnerabilities before deployment and a report will be submitted to MIS.<br/>\
Required patch update or anything needful to ensure cyber security must be done by developer or organization.<br/>\
In the case of API integration, the service owner must comply with all terms and conditions as outlined in the API contract.<br/>\
The service owner must maintain an independent backup locally of the application, database (dump) for redundancy and recovery in unforeseen situations.<br/>\
If the system is no longer in use for any reason, then the system owner will inform to MIS, DGHS.<br/>\
Acknowledgment and Acceptance<br/>\
By signing below, the service owner agrees to the above terms and confirms compliance with the stated conditions.<br/>\
            	TB Gate, Mohakhali, Dhaka\
	01711731891	info@mis.dghs.gov.bd	Muhammed Ziaul Alam Chowdhury	MIS, DGHS	System Analyst	01711731891	system.analyst@mis.dghs.gov.bd	Muhammed Ziaul Alam Chowdhury	System Analyst	01711731891	system.analyst@mis.dghs.gov.bd	Md. Akber Hossain	Programmer	01701248094	programmer2@mis.dghs.gov.bd	MIS, DGHS	TB Gate, Mohakhali, Dhaka\
	01711731891	system.analyst@mis.dghs.gov.bd	Testing different systems' life cycle	Testing different systems' life cycle	Testing different systems' life cycle	N/A	N/A	N/A	N/A	Production		Application		4 cores		8 GB		50 GB		Other	N/A	RAID 0	Ubuntu	22.04	Open Source	N/A	N/A	MIS	Open source	Internet Access	N/A	N/A					Other	MIS	Monthly	accept	Muhammed Ziaul Alam Chowdhury	2000402826_1753610398.png	2025-07-31	accept	N/A	Approved & Deployed	Younus Jamil Rana	Kazi Fabliha Tasnim	Sukhendu Shekhor Roy	Zulfiker Ali	life cycle test	NNS Solution ltd	03/08/2025	172.16.18.143	2025-08-03	\N	\N	\N	\N	\N	\N	\N		\N
6	MIS,DGHS	1	0	99	•	Without DGHSs managements prior written approval Data Center management personnel of DGHS will not provide management access to the server from the internet.<br/>\
•	All required information must be filled up by the requester of the server.<br/>\
•	Server deployment will be done after approval from DGHS MIS authority.<br/>\
•	The requester must ensure that their software or web application does not contain any malicious code, vulnerabilities, or defects that could compromise the security, stability, or performance of the server or the network.<br/>\
•	All applications deployed on the server must comply with established national and international industry security standards and best practices.<br/>\
•	The service owner will be responsible for any harm caused by their software or web application, including data breaches, service disruptions, or unauthorized access resulting from the application.<br/>\
•	The service owner must test their software for risks/vulnerabilities before deployment and a report will be submitted to MIS.<br/>\
•	Required patch update or anything needful to ensure cyber security must be done by developer or organization.<br/>\
•	In the case of API integration, the service owner must comply with all terms and conditions as outlined in the API contract.<br/>\
•	DGHS will perform centralized backup (minimum 24 hour interval) of data from the above specified location only and the data will be retained as per retention policy.<br/>\
•	For DB backup, Database Administrator is fully responsible for storing the dump files into the defined backup directory as per above specified RPO time interval.<br/>\
•	RPO (Recovery Point Objective) is the maximum time of data loss that can tolerate.<br/>\
•	Basic installation of OS will be done by DGHS. In case of any specific package installation/configuration will be required, then DGHS will provide console login to the server so that application vendor can install OS/packages of their own.<br/>\
•	Each deployed system must undergo an half yearly review and renewal process. The service owner must submit a renewal request. Failure to renew within the stipulated period may result in suspension or decommissioning of the system.<br/>\
•	If the system is no longer in use for any reason, then the system owner will inform to MIS, DGHS.<br/>\
By signing below, the service owner agrees to the above terms and confirms compliance with the stated conditions.<br/>\
            	TB Gate, Mohakhali, Dhaka	01711731891	info@mis.dghs.gov.bd	Muhammed Ziaul Alam Chowdhury	MIS, DGHS	System Analyst	01711731891	system.analyst@mis.dghs.gov.bd	Kazi Fabliha Tasnim	Maintenance Engineer	01722531322	me@mis.dghs.gov.bd	Younus Jamil Rana	Assistant Maintenance Engineer	01746605604	ame@mis.dghs.gov.bd	MIS Team 	TB Gate, Mohakhali, Dhaka	01722531322	me@mis.dghs.gov.bd	Deploying and Testing Log Server 	Collecting and monitoring different Logs from various sources	Collecting Logs from various sources	N/A	N?A	N/A	N/A	Development		Other		4 cores		8 GB		50 GB		100 GB		RAID 0	Ubuntu	24.04	Open Source	N/A	N/A	MIS	Open source	Internet Access	N/A	N/A					50 GB	MIS	Monthly	accept	Muhammed Ziaul Alam Chowdhury	2000402826_1753610398.png	2025-07-31	accept		Approved	Younus Jamil Rana	Kazi Fabliha Tasnim	Sukhendu Shekhor Roy	\N	\N	\N	\N	\N	\N	Test Log Server	2030-12-31	Yes	N/A	N/A	N/A	N/A	\N	\N
7	MIS,DGHS\
	1	0	99	•	Without DGHSs managements prior written approval Data Center management personnel of DGHS will not provide management access to the server from the internet.<br/>\
•	All required information must be filled up by the requester of the server.<br/>\
•	Server deployment will be done after approval from DGHS MIS authority.<br/>\
•	The requester must ensure that their software or web application does not contain any malicious code, vulnerabilities, or defects that could compromise the security, stability, or performance of the server or the network.<br/>\
•	All applications deployed on the server must comply with established national and international industry security standards and best practices.<br/>\
•	The service owner will be responsible for any harm caused by their software or web application, including data breaches, service disruptions, or unauthorized access resulting from the application.<br/>\
•	The service owner must test their software for risks/vulnerabilities before deployment and a report will be submitted to MIS.<br/>\
•	Required patch update or anything needful to ensure cyber security must be done by developer or organization.<br/>\
•	In the case of API integration, the service owner must comply with all terms and conditions as outlined in the API contract.<br/>\
•	DGHS will perform centralized backup (minimum 24 hour interval) of data from the above specified location only and the data will be retained as per retention policy.<br/>\
•	For DB backup, Database Administrator is fully responsible for storing the dump files into the defined backup directory as per above specified RPO time interval.<br/>\
•	RPO (Recovery Point Objective) is the maximum time of data loss that can tolerate.<br/>\
•	Basic installation of OS will be done by DGHS. In case of any specific package installation/configuration will be required, then DGHS will provide console login to the server so that application vendor can install OS/packages of their own.<br/>\
•	Each deployed system must undergo an half yearly review and renewal process. The service owner must submit a renewal request. Failure to renew within the stipulated period may result in suspension or decommissioning of the system.<br/>\
•	If the system is no longer in use for any reason, then the system owner will inform to MIS, DGHS.<br/>\
By signing below, the service owner agrees to the above terms and confirms compliance with the stated conditions.<br/>\
            	TB Gate, Mohakhali, Dhaka	01711731891	info@mis.dghs.gov.bd	Muhammed Ziaul Alam Chowdhury	TB Gate, Mohakhali, Dhaka	System Analyst	01711731891	system.analyst@mis.dghs.gov.bd	Kazi Fabliha Tasnim	Maintenance Engineer	01722531322	me@mis.dghs.gov.bd	Younus Jamil Rana	Assistant Maintenance Engineer	01746605604	ame@mis.dghs.gov.bd	MIS, DGHS	TB Gate, Mohakhali, Dhaka	01722531322	me@mis.dghs.gov.bd	Real-time monitoring of logs, diagnose problems, analyzing logs from different sources etc\
	Centralized visibility, enhanced security monitoring, compliance support, faster troubleshooting, improved incident response, and reduced operational costs through efficient log management.	To ensure reliable log processing, storage, and system stability for effective monitoring, troubleshooting, and compliance.	N/A	N/A	N/A	N/A	Production		Other		4 cores		16 GB		Other	200	Other	N/A	RAID 0	Ubuntu	24.04	Open Source	N/A	N/A	MIS	Open source	Internet Access	N/A	N/A					50 GB	MIS	Daily	accept	Muhammed Ziaul Alam Chowdhury	2000402826_1753610398.png	2025-07-31	accept		Approved	Younus Jamil Rana	Kazi Fabliha Tasnim	Sukhendu Shekhor Roy	\N	\N	\N	\N	\N	\N	DC Log Server	2030-12-31	Yes	N/A	N/A	N/A	N/A	\N	\N
8	MIS,DGHS	1	0	99	•	Without DGHSs managements prior written approval Data Center management personnel of DGHS will not provide management access to the server from the internet.<br/>\
•	All required information must be filled up by the requester of the server.<br/>\
•	Server deployment will be done after approval from DGHS MIS authority.<br/>\
•	The requester must ensure that their software or web application does not contain any malicious code, vulnerabilities, or defects that could compromise the security, stability, or performance of the server or the network.<br/>\
•	All applications deployed on the server must comply with established national and international industry security standards and best practices.<br/>\
•	The service owner will be responsible for any harm caused by their software or web application, including data breaches, service disruptions, or unauthorized access resulting from the application.<br/>\
•	The service owner must test their software for risks/vulnerabilities before deployment and a report will be submitted to MIS.<br/>\
•	Required patch update or anything needful to ensure cyber security must be done by developer or organization.<br/>\
•	In the case of API integration, the service owner must comply with all terms and conditions as outlined in the API contract.<br/>\
•	DGHS will perform centralized backup (minimum 24 hour interval) of data from the above specified location only and the data will be retained as per retention policy.<br/>\
•	For DB backup, Database Administrator is fully responsible for storing the dump files into the defined backup directory as per above specified RPO time interval.<br/>\
•	RPO (Recovery Point Objective) is the maximum time of data loss that can tolerate.<br/>\
•	Basic installation of OS will be done by DGHS. In case of any specific package installation/configuration will be required, then DGHS will provide console login to the server so that application vendor can install OS/packages of their own.<br/>\
•	Each deployed system must undergo an half yearly review and renewal process. The service owner must submit a renewal request. Failure to renew within the stipulated period may result in suspension or decommissioning of the system.<br/>\
•	If the system is no longer in use for any reason, then the system owner will inform to MIS, DGHS.<br/>\
By signing below, the service owner agrees to the above terms and confirms compliance with the stated conditions.<br/>\
            	TB Gate, Mohakhali, Dhaka	01711731891	info@mis.dghs.gov.bd	Muhammed Ziaul Alam Chowdhury	TB Gate, Mohakhali, Dhaka	System Analyst	01711731891	system.analyst@mis.dghs.gov.bd	Kazi Fabliha Tasnim	Maintenance Engineer	01722531322	me@mis.dghs.gov.bd	Younus Jamil Rana	Assistant Maintenance Engineer	01746605604	ame@mis.dghs.gov.bd	MIS Team	TB Gate, Mohakhali, Dhaka	01722531322	me@mis.dghs.gov.bd	Real-time monitoring of logs, diagnose problems, analyzing logs from different sources etc	Centralized visibility, enhanced security monitoring, compliance support, faster troubleshooting, improved incident response, and reduced operational costs through efficient log management.	To ensure reliable log processing, storage, and system stability for effective monitoring, troubleshooting, and compliance.	N/A	N/A	N/A	N/A	Production		Other		4 cores		8 GB		50 GB		100 GB		RAID 0	Ubuntu	24.04	Open Source	N/A	N/A	MIS	Open source	Internet Access	N/A	N/A					50 GB	MIS	Daily	accept	Muhammed Ziaul Alam Chowdhury	2000402826_1753610398.png	2025-08-03	accept		Approved	Younus Jamil Rana	Kazi Fabliha Tasnim	Sukhendu Shekhor Roy	\N	\N	\N	\N	\N	\N	Log Client	2030-12-31	Yes	N/A	N/A	N/A	N/A	\N	\N
9	NCCBCST, Bangladesh Medical University	1	0	100	•	Without DGHSs managements prior written approval Data Center management personnel of DGHS will not provide management access to the server from the internet.<br/>\
•	All required information must be filled up by the requester of the server.<br/>\
•	Server deployment will be done after approval from DGHS MIS authority.<br/>\
•	The requester must ensure that their software or web application does not contain any malicious code, vulnerabilities, or defects that could compromise the security, stability, or performance of the server or the network.<br/>\
•	All applications deployed on the server must comply with established national and international industry security standards and best practices.<br/>\
•	The service owner will be responsible for any harm caused by their software or web application, including data breaches, service disruptions, or unauthorized access resulting from the application.<br/>\
•	The service owner must test their software for risks/vulnerabilities before deployment and a report will be submitted to MIS.<br/>\
•	Required patch update or anything needful to ensure cyber security must be done by developer or organization.<br/>\
•	In the case of API integration, the service owner must comply with all terms and conditions as outlined in the API contract.<br/>\
•	DGHS will perform centralized backup (minimum 24 hour interval) of data from the above specified location only and the data will be retained as per retention policy.<br/>\
•	For DB backup, Database Administrator is fully responsible for storing the dump files into the defined backup directory as per above specified RPO time interval.<br/>\
•	RPO (Recovery Point Objective) is the maximum time of data loss that can tolerate.<br/>\
•	Basic installation of OS will be done by DGHS. In case of any specific package installation/configuration will be required, then DGHS will provide console login to the server so that application vendor can install OS/packages of their own.<br/>\
•	Each deployed system must undergo an half yearly review and renewal process. The service owner must submit a renewal request. Failure to renew within the stipulated period may result in suspension or decommissioning of the system.<br/>\
•	If the system is no longer in use for any reason, then the system owner will inform to MIS, DGHS.<br/>\
By signing below, the service owner agrees to the above terms and confirms compliance with the stated conditions.<br/>\
            	NCCBCST, Level 6, Oncology Building, Bangladesh Medical University	01714088152	ashra58@yahoo.co.uk	Prof. Dr. Ashrafun Nessa	NCCBCST, Gyne-Oncology Department, Bangladesh Medical University	Project Director	01714088152	ashra58@yahoo.co.uk	Muhammad Abdul Hannan Khan	CEO, HISP Bangladesh Foundation	01819239241	hannank@gmail.com	Prof. Dr. Ashrafun Nessa	Project Director	01714088152	ashra58@yahoo.co.uk	HISP Bangladesh Foundation	3rd floor, House 495, Road 32, DOHS Mohakhali\
Dhaka	01819239241	hannan.khan@hispbd.org	Public Dashboard for VIA-CBE DHIS2 systems 	The public has access to data on cervical and breast cancer.	Agreed in the joint meeting between MIS-DGHS, NCCBCST and HISP Bangladesh Foundation. 	PHP	MariaDB and associated tools	MariaDBand 	F	Production		Application		4 cores		8 GB		Other	4GB	Other	250	RAID 0	UBUNTU	24.04 LTS (64 bit)	Open Source	We will install	https://cxbrcancersurveillance.mohfw.gov.bd/	Requester	Open source	Internet Access	80		22		10000		50 GB	Requester	Daily	accept	Prof. Dr. Ashrafun Nessa	781537688_1754749696.png	2025-08-09	accept		Approved & Deployed	Younus Jamil Rana	Kazi Fabliha Tasnim	Sukhendu Shekhor Roy	Zulfiker Ali	dhis2-nccbcst-dashboard	NNS Solution Ltd	18/08/2025 5:55PM	Server name: dhis2-nccbcst-dashboard\
Server IP : 172.16.18.145\
OS : Ubuntu 24.04\
CPU : 4\
Memory : 8 G\
Storage :50 GB\
Storage 250 GB\
Storage :50 GB	2025-08-18	NCCBCST, Bangladesh Medical University	2026-12-31	Yes	F	F	F	F		\N
11	Vaxepi-DB-Replica-4 	1	0	102	•	Without DGHSs managements prior written approval Data Center management personnel of DGHS will not provide management access to the server from the internet.<br/>\
•	All required information must be filled up by the requester of the server.<br/>\
•	Server deployment will be done after approval from DGHS MIS authority.<br/>\
•	The requester must ensure that their software or web application does not contain any malicious code, vulnerabilities, or defects that could compromise the security, stability, or performance of the server or the network.<br/>\
•	All applications deployed on the server must comply with established national and international industry security standards and best practices.<br/>\
•	The service owner will be responsible for any harm caused by their software or web application, including data breaches, service disruptions, or unauthorized access resulting from the application.<br/>\
•	The service owner must test their software for risks/vulnerabilities before deployment and a report will be submitted to MIS.<br/>\
•	Required patch update or anything needful to ensure cyber security must be done by developer or organization.<br/>\
•	In the case of API integration, the service owner must comply with all terms and conditions as outlined in the API contract.<br/>\
•	DGHS will perform centralized backup (minimum 24 hour interval) of data from the above specified location only and the data will be retained as per retention policy.<br/>\
•	For DB backup, Database Administrator is fully responsible for storing the dump files into the defined backup directory as per above specified RPO time interval.<br/>\
•	RPO (Recovery Point Objective) is the maximum time of data loss that can tolerate.<br/>\
•	Basic installation of OS will be done by DGHS. In case of any specific package installation/configuration will be required, then DGHS will provide console login to the server so that application vendor can install OS/packages of their own.<br/>\
•	Each deployed system must undergo an half yearly review and renewal process. The service owner must submit a renewal request. Failure to renew within the stipulated period may result in suspension or decommissioning of the system.<br/>\
•	If the system is no longer in use for any reason, then the system owner will inform to MIS, DGHS.<br/>\
By signing below, the service owner agrees to the above terms and confirms compliance with the stated conditions.<br/>\
            	MIS.			Shawon	MIS	Medical Officer	01710571571	sawontheboss4@gmail.com	Sawon	Medical Officer	01710571571	sawontheboss4@gmail.com	Sawon	Medical Officer	01710571571	sawontheboss4@gmail.com	mPower	Banani.	01868518855	proshanto@mpower-social.com	DB Replica Server 	Traffic Route		React	Sprint Boot, Java.	PostgreSQL	N/A	Production		Database		Other	16	Other	96	Other	100	500 GB		\N	Rock (in) Linux	LT	Open Source	N/A	vaxepi.gov.bd	MIS	Open source	Internet Access							50 GB	Requester	Daily	accept	Toufiq Hasan Shawon	198786317_1756375699.jpeg	2025-08-28	accept		Approved & Deployed	Younus Jamil Rana	Kazi Fabliha Tasnim	Sukhendu Shekhor Roy	Zulfiker Ali	v-epi-api-srv01-clone-prod01	NNS Solution Ltd	28/08/2025 6:30 PM	Server name: v-epi-api-srv01-clone-prod01\
Server IP : 172.16.18.146\
 server IP : 20.20.20.189	2025-08-28	Vaxepi	2025-12-31	Yes	N/A	N/A	N/A	N/A		\N
12	Vaxepi-MasterDB-Replica	1	0	102	•	Without DGHSs managements prior written approval Data Center management personnel of DGHS will not provide management access to the server from the internet.<br/>\
•	All required information must be filled up by the requester of the server.<br/>\
•	Server deployment will be done after approval from DGHS MIS authority.<br/>\
•	The requester must ensure that their software or web application does not contain any malicious code, vulnerabilities, or defects that could compromise the security, stability, or performance of the server or the network.<br/>\
•	All applications deployed on the server must comply with established national and international industry security standards and best practices.<br/>\
•	The service owner will be responsible for any harm caused by their software or web application, including data breaches, service disruptions, or unauthorized access resulting from the application.<br/>\
•	The service owner must test their software for risks/vulnerabilities before deployment and a report will be submitted to MIS.<br/>\
•	Required patch update or anything needful to ensure cyber security must be done by developer or organization.<br/>\
•	In the case of API integration, the service owner must comply with all terms and conditions as outlined in the API contract.<br/>\
•	DGHS will perform centralized backup (minimum 24 hour interval) of data from the above specified location only and the data will be retained as per retention policy.<br/>\
•	For DB backup, Database Administrator is fully responsible for storing the dump files into the defined backup directory as per above specified RPO time interval.<br/>\
•	RPO (Recovery Point Objective) is the maximum time of data loss that can tolerate.<br/>\
•	Basic installation of OS will be done by DGHS. In case of any specific package installation/configuration will be required, then DGHS will provide console login to the server so that application vendor can install OS/packages of their own.<br/>\
•	Each deployed system must undergo an half yearly review and renewal process. The service owner must submit a renewal request. Failure to renew within the stipulated period may result in suspension or decommissioning of the system.<br/>\
•	If the system is no longer in use for any reason, then the system owner will inform to MIS, DGHS.<br/>\
By signing below, the service owner agrees to the above terms and confirms compliance with the stated conditions.<br/>\
            	MIS			Sawon	MIS	Medical Officer	01710571571	sawontheboss4@gmail.com	Sawon	Medical Officer	01710571571	sawontheboss4@gmail.com	Sawon	Medical Officer	01710571571	sawontheboss4@gmail.com	mPower	Banani	01868518855	proshanto@mpower-social.com	Database 	N/A		React	Spring Boot, Java	PostgreSQL	N/A	Production		Database		Other	24	Other	128	Other	100	\N		\N	Rock (in) Linux	LT	Open Source	N/A	vaxepi.gov.bd	MIS	Open source	Internet Access							50 GB	MIS	Daily	accept	Toufiq Hasan Shawon	1141222776_1756376377.jpeg	2025-08-28	accept		Approved & Deployed	Younus Jamil Rana	Kazi Fabliha Tasnim	Sukhendu Shekhor Roy	Zulfiker Ali	v-epi-db-srv05	NNS Solution Ltd	28/08/2025 8:01 PM	Server name: v-epi-db-srv05\
Server IP : 172.16.18.148\
server IP : 20.20.20.195\
OS : Ubuntu rocky 9.4\
CPU : 8\
Memory : 16 G\
Storage :400 GB	2025-08-28	Vaxepi	2025-12-31	Yes	N/A	N/A	N/A	N/A		\N
13	Vaxepi-Dashboard	1	0	102	•	Without DGHSs managements prior written approval Data Center management personnel of DGHS will not provide management access to the server from the internet.<br/>\
•	All required information must be filled up by the requester of the server.<br/>\
•	Server deployment will be done after approval from DGHS MIS authority.<br/>\
•	The requester must ensure that their software or web application does not contain any malicious code, vulnerabilities, or defects that could compromise the security, stability, or performance of the server or the network.<br/>\
•	All applications deployed on the server must comply with established national and international industry security standards and best practices.<br/>\
•	The service owner will be responsible for any harm caused by their software or web application, including data breaches, service disruptions, or unauthorized access resulting from the application.<br/>\
•	The service owner must test their software for risks/vulnerabilities before deployment and a report will be submitted to MIS.<br/>\
•	Required patch update or anything needful to ensure cyber security must be done by developer or organization.<br/>\
•	In the case of API integration, the service owner must comply with all terms and conditions as outlined in the API contract.<br/>\
•	DGHS will perform centralized backup (minimum 24 hour interval) of data from the above specified location only and the data will be retained as per retention policy.<br/>\
•	For DB backup, Database Administrator is fully responsible for storing the dump files into the defined backup directory as per above specified RPO time interval.<br/>\
•	RPO (Recovery Point Objective) is the maximum time of data loss that can tolerate.<br/>\
•	Basic installation of OS will be done by DGHS. In case of any specific package installation/configuration will be required, then DGHS will provide console login to the server so that application vendor can install OS/packages of their own.<br/>\
•	Each deployed system must undergo an half yearly review and renewal process. The service owner must submit a renewal request. Failure to renew within the stipulated period may result in suspension or decommissioning of the system.<br/>\
•	If the system is no longer in use for any reason, then the system owner will inform to MIS, DGHS.<br/>\
By signing below, the service owner agrees to the above terms and confirms compliance with the stated conditions.<br/>\
            	MIS			Dr. Sawon	MIS	Medical Officer	01710571571	sawontheboss4@gmail.com	Dr. Sawon	Medical Officer	01710571571	sawontheboss4@gmail.com	Dr. Sawon	Medical Officer	01710571571	sawontheboss4@gmail.com	mPower	MIS	01868518855	proshanto@mpower-social.com	Different dashboard.	N/A		React	Java, Spring-Boot.	PostgreSQL	N/A	Production		Application		8 cores		16 GB		Other	100	\N		\N	Ubuntu	LT	Open Source	N/A	vaxepi.gov.bd	MIS	Open source	Internet Access							50 GB	MIS	Daily	accept	Toufiq Hasan Shawon	1680747549_1756377140.jpeg	2025-08-28	accept		Approved	Younus Jamil Rana	Kazi Fabliha Tasnim	Sukhendu Shekhor Roy	\N	\N	\N	\N	\N	\N	Vaxepi	2025-12-31	Yes	N/A	N/A	N/A	N/A	\N	\N
14	Vaxepi-Mobile-API	1	0	102	•	Without DGHSs managements prior written approval Data Center management personnel of DGHS will not provide management access to the server from the internet.<br/>\
•	All required information must be filled up by the requester of the server.<br/>\
•	Server deployment will be done after approval from DGHS MIS authority.<br/>\
•	The requester must ensure that their software or web application does not contain any malicious code, vulnerabilities, or defects that could compromise the security, stability, or performance of the server or the network.<br/>\
•	All applications deployed on the server must comply with established national and international industry security standards and best practices.<br/>\
•	The service owner will be responsible for any harm caused by their software or web application, including data breaches, service disruptions, or unauthorized access resulting from the application.<br/>\
•	The service owner must test their software for risks/vulnerabilities before deployment and a report will be submitted to MIS.<br/>\
•	Required patch update or anything needful to ensure cyber security must be done by developer or organization.<br/>\
•	In the case of API integration, the service owner must comply with all terms and conditions as outlined in the API contract.<br/>\
•	DGHS will perform centralized backup (minimum 24 hour interval) of data from the above specified location only and the data will be retained as per retention policy.<br/>\
•	For DB backup, Database Administrator is fully responsible for storing the dump files into the defined backup directory as per above specified RPO time interval.<br/>\
•	RPO (Recovery Point Objective) is the maximum time of data loss that can tolerate.<br/>\
•	Basic installation of OS will be done by DGHS. In case of any specific package installation/configuration will be required, then DGHS will provide console login to the server so that application vendor can install OS/packages of their own.<br/>\
•	Each deployed system must undergo an half yearly review and renewal process. The service owner must submit a renewal request. Failure to renew within the stipulated period may result in suspension or decommissioning of the system.<br/>\
•	If the system is no longer in use for any reason, then the system owner will inform to MIS, DGHS.<br/>\
By signing below, the service owner agrees to the above terms and confirms compliance with the stated conditions.<br/>\
            	MIS			Dr. Shawon	MIS	Medical Officer	01710571571	sawontheboss4@gmail.com	Dr. Shawon	Medical Officer	01710571571	sawontheboss4@gmail.com	Dr. Shawon	Medical Officer	01710571571	sawontheboss4@gmail.com	mPower	Banani	01868518855	proshanto@mpower-social.com	API for Mobile app	N/A		React	Java, spring boot	PostgreSQL	N/A	Production		Application		4 cores		8 GB		50 GB	100	\N		\N	Ubuntu	LT	Open Source	N/A	vaxepi.gov.bd	MIS	Open source	Internet Access							50 GB	MIS	Daily	accept	Toufiq Hasan Shawon	603862662_1756377604.jpeg	2025-08-28	accept		Approved & Deployed	Younus Jamil Rana	Kazi Fabliha Tasnim	Sukhendu Shekhor Roy	Zulfiker Ali	v-epi-mob-app	NNS Solution Ltd	28/08/2025 7:10 PM	Server name: v-epi-mob-app\
Server IP : 172.16.18.147\
server IP : 20.20.20.190\
OS : Ubuntu 24.04\
CPU : 8\
Memory : 16 G\
Storage :400 GB	2025-08-28	Vaxepi	2025-12-31	Yes	N/A	N/A	N/A	N/A		\N
15	DGHS, MIS	1	0	103	•	Without DGHSs managements prior written approval Data Center management personnel of DGHS will not provide management access to the server from the internet.<br/>\
•	All required information must be filled up by the requester of the server.<br/>\
•	Server deployment will be done after approval from DGHS MIS authority.<br/>\
•	The requester must ensure that their software or web application does not contain any malicious code, vulnerabilities, or defects that could compromise the security, stability, or performance of the server or the network.<br/>\
•	All applications deployed on the server must comply with established national and international industry security standards and best practices.<br/>\
•	The service owner will be responsible for any harm caused by their software or web application, including data breaches, service disruptions, or unauthorized access resulting from the application.<br/>\
•	The service owner must test their software for risks/vulnerabilities before deployment and a report will be submitted to MIS.<br/>\
•	Required patch update or anything needful to ensure cyber security must be done by developer or organization.<br/>\
•	In the case of API integration, the service owner must comply with all terms and conditions as outlined in the API contract.<br/>\
•	DGHS will perform centralized backup (minimum 24 hour interval) of data from the above specified location only and the data will be retained as per retention policy.<br/>\
•	For DB backup, Database Administrator is fully responsible for storing the dump files into the defined backup directory as per above specified RPO time interval.<br/>\
•	RPO (Recovery Point Objective) is the maximum time of data loss that can tolerate.<br/>\
•	Basic installation of OS will be done by DGHS. In case of any specific package installation/configuration will be required, then DGHS will provide console login to the server so that application vendor can install OS/packages of their own.<br/>\
•	Each deployed system must undergo an half yearly review and renewal process. The service owner must submit a renewal request. Failure to renew within the stipulated period may result in suspension or decommissioning of the system.<br/>\
•	If the system is no longer in use for any reason, then the system owner will inform to MIS, DGHS.<br/>\
By signing below, the service owner agrees to the above terms and confirms compliance with the stated conditions.<br/>\
            	DGHS, MIS, Mohakhali			Md. Akber Hossain	MIS	Programmer	01701248094	akbermirage@gmail.com	Md. Akber Hossain	Programmer	01701248094	akbermirage@gmail.com	Md. Akber Hossain	Programmer	01701248094	akbermirage@gmail.com	Mpower	Nur Empori | Level-10, House: 77 | Road: 11, Block: M\
Banani, Dhaka-1213	01671376397	jonayed.hossain@mpower-social.com	Testing the Project: ICT Solution Piloting at Singair, Manikganj.	1. Improve Proactive Service Delivery & Follow-up: To significantly reduce missed\
ANC, PNC, and EPI (child immunization) services by empowering CHWs with\
targeted digital tools for priority task identification and automated missed-visit\
notifications.\
\
2. Strengthen Supervisory Oversight & Decision-Making: To enhance the capacity of\
HIs, AHIs, and UHFPOs to monitor CHW performance, identify service gaps, and\
support high-risk cases effectively through real-time dashboards and focused lists.\
\
3. Ensure Seamless Data Flow & OpenMRS 3.0 Functionality: To successfully\
deploy and validate the OpenMRS 3.0 solution at the facility level, ensuring its\
effective use by CHCPs and establishing robust, bi-directional data sharing with\
SMART HEALTH BD via the Shared Health Record.\
\
4. Optimize User Experience & System Adoption: To iteratively refine enhanced\
features and integrated solutions based on continuous feedback from CHWs,\
supervisors, and CHCPs, ensuring high usability and smooth operational adoption.		OpenSRP, OpenMRS	OpenSRP, OpenMRS	Postgres	No	Testing		Application		4 cores		8 GB		Other	100GB	Other		\N	ubuntu 	22.04 or Ubuntu 24.04 LTS-64bits server Edition	Open Source	Not require	dghs.gov.bd	MIS	Open source	Remote Access							20 GB	Requester	Monthly	accept	Akber Hossain	1500198893_1756624441.jpg	2025-08-31	accept		Approved & Deployed	Younus Jamil Rana	Kazi Fabliha Tasnim	Sukhendu Shekhor Roy	Zulfiker Ali	ict-sol-pilot	NNS Solution Ltd	01/09/2025 5:11 PM	Server name: ict-sol-pilot\
Server IP : 172.16.18.153\
OS : Ubuntu 22.04\
CPU : 4\
Memory : 8 G\
Storage :00 GB\
1	2025-09-01	Project: ICT Solution Piloting at Singair, Manikganj.	2026-04-30	Yes	Opensource	Opensource	Opensource	N/A		\N
16	vaxepiapinode5	1	0	102	•	Without DGHSs managements prior written approval Data Center management personnel of DGHS will not provide management access to the server from the internet.<br/>\
•	All required information must be filled up by the requester of the server.<br/>\
•	Server deployment will be done after approval from DGHS MIS authority.<br/>\
•	The requester must ensure that their software or web application does not contain any malicious code, vulnerabilities, or defects that could compromise the security, stability, or performance of the server or the network.<br/>\
•	All applications deployed on the server must comply with established national and international industry security standards and best practices.<br/>\
•	The service owner will be responsible for any harm caused by their software or web application, including data breaches, service disruptions, or unauthorized access resulting from the application.<br/>\
•	The service owner must test their software for risks/vulnerabilities before deployment and a report will be submitted to MIS.<br/>\
•	Required patch update or anything needful to ensure cyber security must be done by developer or organization.<br/>\
•	In the case of API integration, the service owner must comply with all terms and conditions as outlined in the API contract.<br/>\
•	DGHS will perform centralized backup (minimum 24 hour interval) of data from the above specified location only and the data will be retained as per retention policy.<br/>\
•	For DB backup, Database Administrator is fully responsible for storing the dump files into the defined backup directory as per above specified RPO time interval.<br/>\
•	RPO (Recovery Point Objective) is the maximum time of data loss that can tolerate.<br/>\
•	Basic installation of OS will be done by DGHS. In case of any specific package installation/configuration will be required, then DGHS will provide console login to the server so that application vendor can install OS/packages of their own.<br/>\
•	Each deployed system must undergo an half yearly review and renewal process. The service owner must submit a renewal request. Failure to renew within the stipulated period may result in suspension or decommissioning of the system.<br/>\
•	If the system is no longer in use for any reason, then the system owner will inform to MIS, DGHS.<br/>\
By signing below, the service owner agrees to the above terms and confirms compliance with the stated conditions.<br/>\
            	MIS			Dr. Shawon	MIS	Medical Officer	01710571571	sawontheboss4@gmail.com	Dr. Shawon	Medical Officer	01710571571	sawontheboss4@gmail.com	Dr. Shawon	Medical Officer	01710571571	sawontheboss4@gmail.com	mPower	Banani	01868518855	proshanto@mpower-social.com	Api load balance	N/A		React	Java, Spring Boot	PostgreSQL	N/A	Production		Application		4 cores		16 GB		50 GB		\N		\N	Ubuntu	Lt	Open Source	N/A	vaxepi.gov.bd	MIS	Open source	Internet Access							Other	MIS	Daily	accept	Toufiq Hasan Shawon	603862662_1756377604.jpeg	2025-08-31	accept	200	Approved & Deployed	Younus Jamil Rana	Kazi Fabliha Tasnim	Sukhendu Shekhor Roy	Zulfiker Ali	v-epi-api-srv05	NNS Solution Ltd	31/08/2025 9.25PM	Server name: v-epi-api-srv05 \
Server IP : 172.16.18.150\
server IP : 20.20.20.197\
OS : rocky 9.4\
Cloned from existing server\
	2025-09-01	Vaxepi	2025-12-31	Yes	N/A	N/A	N/A	N/A		\N
17	vaxepiapinode6	1	0	102	•	Without DGHSs managements prior written approval Data Center management personnel of DGHS will not provide management access to the server from the internet.<br/>\
•	All required information must be filled up by the requester of the server.<br/>\
•	Server deployment will be done after approval from DGHS MIS authority.<br/>\
•	The requester must ensure that their software or web application does not contain any malicious code, vulnerabilities, or defects that could compromise the security, stability, or performance of the server or the network.<br/>\
•	All applications deployed on the server must comply with established national and international industry security standards and best practices.<br/>\
•	The service owner will be responsible for any harm caused by their software or web application, including data breaches, service disruptions, or unauthorized access resulting from the application.<br/>\
•	The service owner must test their software for risks/vulnerabilities before deployment and a report will be submitted to MIS.<br/>\
•	Required patch update or anything needful to ensure cyber security must be done by developer or organization.<br/>\
•	In the case of API integration, the service owner must comply with all terms and conditions as outlined in the API contract.<br/>\
•	DGHS will perform centralized backup (minimum 24 hour interval) of data from the above specified location only and the data will be retained as per retention policy.<br/>\
•	For DB backup, Database Administrator is fully responsible for storing the dump files into the defined backup directory as per above specified RPO time interval.<br/>\
•	RPO (Recovery Point Objective) is the maximum time of data loss that can tolerate.<br/>\
•	Basic installation of OS will be done by DGHS. In case of any specific package installation/configuration will be required, then DGHS will provide console login to the server so that application vendor can install OS/packages of their own.<br/>\
•	Each deployed system must undergo an half yearly review and renewal process. The service owner must submit a renewal request. Failure to renew within the stipulated period may result in suspension or decommissioning of the system.<br/>\
•	If the system is no longer in use for any reason, then the system owner will inform to MIS, DGHS.<br/>\
By signing below, the service owner agrees to the above terms and confirms compliance with the stated conditions.<br/>\
            	MIS			Dr. Shawon	MIS	Medical Officer	01710571571	sawontheboss4@gmail.com	Dr. Shawon	Medical Officer	01710571571	sawontheboss4@gmail.com	Dr. Shawon	Medical Officer	01710571571	sawontheboss4@gmail.com	mPower	Banani	01868518855	proshanto@mpower-social.com	Api load balance	N/A		React	Java, Spring Boot	PostgreSQL	N/A	Production		Application		4 cores		16 GB		50 GB		\N		\N	Ubuntu	Lt	Open Source	N/A	vaxepi.gov.bd	MIS	Open source	Internet Access							Other	MIS	Daily	accept	Toufiq Hasan Shawon	603862662_1756377604.jpeg	2025-08-31	accept	200	Approved & Deployed	Younus Jamil Rana	Kazi Fabliha Tasnim	Sukhendu Shekhor Roy	Zulfiker Ali	v-epi-api-srv06	NNS Solution Ltd	31/08/2025 10.07PM	v-epi-api-srv06\
Server IP : 172.16.18.151\
server IP : 20.20.20.198\
OS :rocky 9.4\
Cloned from v-epi-api-srv01	2025-09-01	Vaxepi	2025-12-31	Yes	N/A	N/A	N/A	N/A		\N
18	vaxepidbrouter3	1	0	102	•	Without DGHSs managements prior written approval Data Center management personnel of DGHS will not provide management access to the server from the internet.<br/>\
•	All required information must be filled up by the requester of the server.<br/>\
•	Server deployment will be done after approval from DGHS MIS authority.<br/>\
•	The requester must ensure that their software or web application does not contain any malicious code, vulnerabilities, or defects that could compromise the security, stability, or performance of the server or the network.<br/>\
•	All applications deployed on the server must comply with established national and international industry security standards and best practices.<br/>\
•	The service owner will be responsible for any harm caused by their software or web application, including data breaches, service disruptions, or unauthorized access resulting from the application.<br/>\
•	The service owner must test their software for risks/vulnerabilities before deployment and a report will be submitted to MIS.<br/>\
•	Required patch update or anything needful to ensure cyber security must be done by developer or organization.<br/>\
•	In the case of API integration, the service owner must comply with all terms and conditions as outlined in the API contract.<br/>\
•	DGHS will perform centralized backup (minimum 24 hour interval) of data from the above specified location only and the data will be retained as per retention policy.<br/>\
•	For DB backup, Database Administrator is fully responsible for storing the dump files into the defined backup directory as per above specified RPO time interval.<br/>\
•	RPO (Recovery Point Objective) is the maximum time of data loss that can tolerate.<br/>\
•	Basic installation of OS will be done by DGHS. In case of any specific package installation/configuration will be required, then DGHS will provide console login to the server so that application vendor can install OS/packages of their own.<br/>\
•	Each deployed system must undergo an half yearly review and renewal process. The service owner must submit a renewal request. Failure to renew within the stipulated period may result in suspension or decommissioning of the system.<br/>\
•	If the system is no longer in use for any reason, then the system owner will inform to MIS, DGHS.<br/>\
By signing below, the service owner agrees to the above terms and confirms compliance with the stated conditions.<br/>\
            	MIS			Dr. Shawon	MIS	Medical Officer	01710571571	sawontheboss4@gmail.com	Dr. Shawon	Medical Officer	01710571571	sawontheboss4@gmail.com	Dr. Shawon	Medical Officer	01710571571	sawontheboss4@gmail.com	mPower	MIS	01868518855	proshanto@mpower-social.com	Database load balance	N/A		React	Java, Spring Boot.	PostgreSQL	N/A	Production		Database		4 cores		8 GB		50 GB		\N		\N	Rock (in) Linux	Lt	Open Source	N/A	vaxepi.gov.bd	MIS	Open source	Internet Access							Other	MIS	Daily	accept	Dr. Shawon	603862662_1756377604.jpeg	2025-08-31	accept	200	Approved & Deployed	Younus Jamil Rana	Kazi Fabliha Tasnim	Sukhendu Shekhor Roy	Zulfiker Ali	v-epi-qrtr03	NNS Solution Ltd	31/08/2025 11.00PM	Server name: v-epi-qrtr03\
Server IP : 172.16.18.152\
server IP : 20.20.20.199\
OS : Ubuntu rocky 9.4\
Cloned from v-epi-qrtr01	2025-09-01	Vaxepi	2025-12-31	Yes	N/A	N/A	N/A	N/A		\N
19	vaxepidbserver5	1	0	102	•	Without DGHSs managements prior written approval Data Center management personnel of DGHS will not provide management access to the server from the internet.<br/>\
•	All required information must be filled up by the requester of the server.<br/>\
•	Server deployment will be done after approval from DGHS MIS authority.<br/>\
•	The requester must ensure that their software or web application does not contain any malicious code, vulnerabilities, or defects that could compromise the security, stability, or performance of the server or the network.<br/>\
•	All applications deployed on the server must comply with established national and international industry security standards and best practices.<br/>\
•	The service owner will be responsible for any harm caused by their software or web application, including data breaches, service disruptions, or unauthorized access resulting from the application.<br/>\
•	The service owner must test their software for risks/vulnerabilities before deployment and a report will be submitted to MIS.<br/>\
•	Required patch update or anything needful to ensure cyber security must be done by developer or organization.<br/>\
•	In the case of API integration, the service owner must comply with all terms and conditions as outlined in the API contract.<br/>\
•	DGHS will perform centralized backup (minimum 24 hour interval) of data from the above specified location only and the data will be retained as per retention policy.<br/>\
•	For DB backup, Database Administrator is fully responsible for storing the dump files into the defined backup directory as per above specified RPO time interval.<br/>\
•	RPO (Recovery Point Objective) is the maximum time of data loss that can tolerate.<br/>\
•	Basic installation of OS will be done by DGHS. In case of any specific package installation/configuration will be required, then DGHS will provide console login to the server so that application vendor can install OS/packages of their own.<br/>\
•	Each deployed system must undergo an half yearly review and renewal process. The service owner must submit a renewal request. Failure to renew within the stipulated period may result in suspension or decommissioning of the system.<br/>\
•	If the system is no longer in use for any reason, then the system owner will inform to MIS, DGHS.<br/>\
By signing below, the service owner agrees to the above terms and confirms compliance with the stated conditions.<br/>\
            	MIS			Dr. Shawon	MIS	Medical Officer	01710571571	sawontheboss4@gmail.com	Dr. Shawon	Medical Officer	01710571571	sawontheboss4@gmail.com	Dr. Shawon	Medical Officer	01710571571	sawontheboss4@gmail.com	mPower	Banani	01868518855	proshanto@mpower-social.com	Database load balance	N/A		React	Java, Spring Boot	PostgreSQL	N/A	Production		Database		Other	16	Other	96	50 GB		\N		\N	Rock (in) Linux	Lt	Open Source	N/A	vaxepi.gov.bd	MIS	Open source	Internet Access							50 GB	MIS	Daily	accept	Dr. Shawon	603862662_1756377604.jpeg	2025-08-31	accept		Approved & Deployed	Younus Jamil Rana	Kazi Fabliha Tasnim	Sukhendu Shekhor Roy	Zulfiker Ali	v-epi-db-srv06	NNS Solution Ltd	31/08/2025 11:25 PM	Server name: v-epi-db-srv06\
Server IP : 172.16.18.149\
server IP : 20.20.20.196\
OS : Ubuntu rocky 9.4\
CPU : 24\
Memory : 128 G\
Storage :2 TB\
Cloned from v-epi-db-srv01	2025-09-01	Vaxepi	2025-12-31	Yes	N/A	N/A	N/A	N/A		\N
20	MIS, NCD, and icddr'b collaboration\
	1	0	98	•	Without DGHSs managements prior written approval Data Center management personnel of DGHS will not provide management access to the server from the internet.<br/>\
•	All required information must be filled up by the requester of the server.<br/>\
•	Server deployment will be done after approval from DGHS MIS authority.<br/>\
•	The requester must ensure that their software or web application does not contain any malicious code, vulnerabilities, or defects that could compromise the security, stability, or performance of the server or the network.<br/>\
•	All applications deployed on the server must comply with established national and international industry security standards and best practices.<br/>\
•	The service owner will be responsible for any harm caused by their software or web application, including data breaches, service disruptions, or unauthorized access resulting from the application.<br/>\
•	The service owner must test their software for risks/vulnerabilities before deployment and a report will be submitted to MIS.<br/>\
•	Required patch update or anything needful to ensure cyber security must be done by developer or organization.<br/>\
•	In the case of API integration, the service owner must comply with all terms and conditions as outlined in the API contract.<br/>\
•	DGHS will perform centralized backup (minimum 24 hour interval) of data from the above specified location only and the data will be retained as per retention policy.<br/>\
•	For DB backup, Database Administrator is fully responsible for storing the dump files into the defined backup directory as per above specified RPO time interval.<br/>\
•	RPO (Recovery Point Objective) is the maximum time of data loss that can tolerate.<br/>\
•	Basic installation of OS will be done by DGHS. In case of any specific package installation/configuration will be required, then DGHS will provide console login to the server so that application vendor can install OS/packages of their own.<br/>\
•	Each deployed system must undergo an half yearly review and renewal process. The service owner must submit a renewal request. Failure to renew within the stipulated period may result in suspension or decommissioning of the system.<br/>\
•	If the system is no longer in use for any reason, then the system owner will inform to MIS, DGHS.<br/>\
By signing below, the service owner agrees to the above terms and confirms compliance with the stated conditions.<br/>\
            	MIS, DGHS	01322858216	sofordar@mis.dghs.gov.bd	Dr. Md Zahisul Islam	eHealth	DPM	01322858216	sofordar@mis.dghs.gov.bd	Dr. Md Zahisul Islam	DPM, eHealth	01322858216	sofordar@mis.dghs.gov.bd	Dr. Md Zahisul Islam	DPM, eHealth	01322858216	sofordar@mis.dghs.gov.bd	Md Mahfujul Haque, consultant, icddrb	Green Garden, new town, Road no: 8, Badsha mia road, Jatrabari Dhaka	01738069084	mahfuj.npi@gnail.com	Testing the application	Fine-tuning the Application		AngularJS, ReactJS, js, HTML, CSS	Java, Python \
Asp.net	Mysql \
	OpenMRS+	Testing		Application		8 cores		16 GB		50 GB		1 TB		\N	CentOS	7.6	Open Source	N/A	N/A	MIS	Open source	Internet Access	5555	for Lab	8069	for odoo	6061	for prescription	20 GB	Requester	Monthly	accept	Dr. Md. Zahidul Islam	1625005159_1753607559.jpg	2025-09-03	accept		Approved & Deployed	Younus Jamil Rana	Kazi Fabliha Tasnim	Sukhendu Shekhor Roy	Zulfiker Ali	ncd_salinity	NNS Solution Ltd\
	2025-10-07  2:00PM	Server name: ncd_salinity\
Server IP : 172.16.18.163\
OS : CentOS 7\
CPU : 8\
Memory : 16 G\
Storage :1.5TB\
Username; root	2025-11-03	ncd_salinity	2025-10-30	Yes	na	na	na	na		\N
21	MIS, DGHS	1	0	104	•	Without DGHSs managements prior written approval Data Center management personnel of DGHS will not provide management access to the server from the internet.<br/>\
•	All required information must be filled up by the requester of the server.<br/>\
•	Server deployment will be done after approval from DGHS MIS authority.<br/>\
•	The requester must ensure that their software or web application does not contain any malicious code, vulnerabilities, or defects that could compromise the security, stability, or performance of the server or the network.<br/>\
•	All applications deployed on the server must comply with established national and international industry security standards and best practices.<br/>\
•	The service owner will be responsible for any harm caused by their software or web application, including data breaches, service disruptions, or unauthorized access resulting from the application.<br/>\
•	The service owner must test their software for risks/vulnerabilities before deployment and a report will be submitted to MIS.<br/>\
•	Required patch update or anything needful to ensure cyber security must be done by developer or organization.<br/>\
•	In the case of API integration, the service owner must comply with all terms and conditions as outlined in the API contract.<br/>\
•	DGHS will perform centralized backup (minimum 24 hour interval) of data from the above specified location only and the data will be retained as per retention policy.<br/>\
•	For DB backup, Database Administrator is fully responsible for storing the dump files into the defined backup directory as per above specified RPO time interval.<br/>\
•	RPO (Recovery Point Objective) is the maximum time of data loss that can tolerate.<br/>\
•	Basic installation of OS will be done by DGHS. In case of any specific package installation/configuration will be required, then DGHS will provide console login to the server so that application vendor can install OS/packages of their own.<br/>\
•	Each deployed system must undergo an half yearly review and renewal process. The service owner must submit a renewal request. Failure to renew within the stipulated period may result in suspension or decommissioning of the system.<br/>\
•	If the system is no longer in use for any reason, then the system owner will inform to MIS, DGHS.<br/>\
By signing below, the service owner agrees to the above terms and confirms compliance with the stated conditions.<br/>\
            	Sastho Bhaban			Fahim Hossain	MIS	Senior Software Specialist	01735136398	fahims2015@gmail.com	Sukhendu Shekhor Roy	Senior System Analyst	01712214539	sukhenbd@hotmail.com	MD ZAHIDUL ISLAM	DPM	01715121973	sofordar@mis.dghs.gov.bd	Fahim Hossain	A-16 Ramna Estate Complex, 124 Bara Moghbazar, Dhaka -1217	01735136398	fahims2015@gmail.com	Database Server	Performance and Reliability of SHR Service		N/A	SHR Microservices	Cassandra	Java, Node, Python, etc	Production		Database		Other	16	32 GB		50 GB		100 GB		\N	Ubuntu	24.04	Open Source	N/A	N/A	MIS	Open source	Local Network							50 GB	Requester	Monthly	accept	SHR Team	1780598412_1757490258.jpg	2025-09-10	accept		Approved & Deployed	Younus Jamil Rana	Kazi Fabliha Tasnim	Sukhendu Shekhor Roy	Zulfiker Ali	shr-db-srv01	NNS Solution Ltd	2025-09-22   2:00PM	Server name: shr-db-srv01\
Server IP : 172.16.18.158\
OS : Ubuntu 24.04\
CPU : 16\
Memory : 32 G\
Storage :155 GB\
Username; root/mishealth	2025-11-03	SHR	0000-00-00	Yes	Open Source	Open Source	Open Source	Open Source		\N
22	MIS, DGHS	1	0	104	•	Without DGHSs managements prior written approval Data Center management personnel of DGHS will not provide management access to the server from the internet.<br/>\
•	All required information must be filled up by the requester of the server.<br/>\
•	Server deployment will be done after approval from DGHS MIS authority.<br/>\
•	The requester must ensure that their software or web application does not contain any malicious code, vulnerabilities, or defects that could compromise the security, stability, or performance of the server or the network.<br/>\
•	All applications deployed on the server must comply with established national and international industry security standards and best practices.<br/>\
•	The service owner will be responsible for any harm caused by their software or web application, including data breaches, service disruptions, or unauthorized access resulting from the application.<br/>\
•	The service owner must test their software for risks/vulnerabilities before deployment and a report will be submitted to MIS.<br/>\
•	Required patch update or anything needful to ensure cyber security must be done by developer or organization.<br/>\
•	In the case of API integration, the service owner must comply with all terms and conditions as outlined in the API contract.<br/>\
•	DGHS will perform centralized backup (minimum 24 hour interval) of data from the above specified location only and the data will be retained as per retention policy.<br/>\
•	For DB backup, Database Administrator is fully responsible for storing the dump files into the defined backup directory as per above specified RPO time interval.<br/>\
•	RPO (Recovery Point Objective) is the maximum time of data loss that can tolerate.<br/>\
•	Basic installation of OS will be done by DGHS. In case of any specific package installation/configuration will be required, then DGHS will provide console login to the server so that application vendor can install OS/packages of their own.<br/>\
•	Each deployed system must undergo an half yearly review and renewal process. The service owner must submit a renewal request. Failure to renew within the stipulated period may result in suspension or decommissioning of the system.<br/>\
•	If the system is no longer in use for any reason, then the system owner will inform to MIS, DGHS.<br/>\
By signing below, the service owner agrees to the above terms and confirms compliance with the stated conditions.<br/>\
            	Sastho Bhaban			Fahim Hossain	MIS	Senior Software Specialist	01735136398	fahims2015@gmail.com	Sukhendu Shekhor Roy	Senior System Analyst	01712214539	sukhenbd@hotmail.com	MD ZAHIDUL ISLAM	DPM	01715121973	sofordar@mis.dghs.gov.bd	Fahim Hossain	A-16 Ramna Estate Complex, 124 Bara Moghbazar, Dhaka -1217	01735136398	fahims2015@gmail.com	Database Server	Performance and Reliability of SHR Service		N/A	SHR Microservices	Cassandra	Java, Node, Python, etc	Production		Database		Other	16	32 GB		50 GB		100 GB		\N	Ubuntu	24.04	Open Source	N/A	N/A	MIS	Open source	Local Network							50 GB	Requester	Monthly	accept	SHR Team	1639815464_1757490480.jpg	2025-09-10	accept		Approved & Deployed	Younus Jamil Rana	Kazi Fabliha Tasnim	Sukhendu Shekhor Roy	Zulfiker Ali	shr-db-srv02	NNS Solution Ltd	2025-10-22  2:00PM	Server name: shr-db-srv02\
Server IP : 172.16.18.159\
OS : Ubuntu 24.04\
CPU : 16\
Memory : 32 G\
Storage :155 GB\
Username; root/mishealth	2025-11-03	SHR	0000-00-00	Yes	Open Source	Open Source	Open Source	Open Source		\N
23	MIS, DGHS	1	0	104	•	Without DGHSs managements prior written approval Data Center management personnel of DGHS will not provide management access to the server from the internet.<br/>\
•	All required information must be filled up by the requester of the server.<br/>\
•	Server deployment will be done after approval from DGHS MIS authority.<br/>\
•	The requester must ensure that their software or web application does not contain any malicious code, vulnerabilities, or defects that could compromise the security, stability, or performance of the server or the network.<br/>\
•	All applications deployed on the server must comply with established national and international industry security standards and best practices.<br/>\
•	The service owner will be responsible for any harm caused by their software or web application, including data breaches, service disruptions, or unauthorized access resulting from the application.<br/>\
•	The service owner must test their software for risks/vulnerabilities before deployment and a report will be submitted to MIS.<br/>\
•	Required patch update or anything needful to ensure cyber security must be done by developer or organization.<br/>\
•	In the case of API integration, the service owner must comply with all terms and conditions as outlined in the API contract.<br/>\
•	DGHS will perform centralized backup (minimum 24 hour interval) of data from the above specified location only and the data will be retained as per retention policy.<br/>\
•	For DB backup, Database Administrator is fully responsible for storing the dump files into the defined backup directory as per above specified RPO time interval.<br/>\
•	RPO (Recovery Point Objective) is the maximum time of data loss that can tolerate.<br/>\
•	Basic installation of OS will be done by DGHS. In case of any specific package installation/configuration will be required, then DGHS will provide console login to the server so that application vendor can install OS/packages of their own.<br/>\
•	Each deployed system must undergo an half yearly review and renewal process. The service owner must submit a renewal request. Failure to renew within the stipulated period may result in suspension or decommissioning of the system.<br/>\
•	If the system is no longer in use for any reason, then the system owner will inform to MIS, DGHS.<br/>\
By signing below, the service owner agrees to the above terms and confirms compliance with the stated conditions.<br/>\
            	Sastho Bhaban			Fahim Hossain	MIS	Senior Software Specialist	01735136398	fahims2015@gmail.com	Sukhendu Shekhor Roy	Senior System Analyst	01712214539	sukhenbd@hotmail.com	MD ZAHIDUL ISLAM	DPM	01715121973	sofordar@mis.dghs.gov.bd	Fahim Hossain	A-16 Ramna Estate Complex, 124 Bara Moghbazar, Dhaka -1217	01735136398	fahims2015@gmail.com	Database Server	Testing of the Performance and Reliability of SHR Service		N/A	SHR Microservices	Cassandra	Java, Node, Python, etc	Development		Database		4 cores		8 GB		50 GB		\N		\N	Ubuntu	24.04	Open Source	N/A	N/A	MIS	Open source	Local Network							20 GB	Requester	Monthly	accept	SHR Team	1107453451_1757490745.jpg	2025-09-10	accept		Approved & Deployed	Younus Jamil Rana	Kazi Fabliha Tasnim	Sukhendu Shekhor Roy	Zulfiker Ali	shr-db-srv03	NNS Solution Ltd	\
2025-10-22  2:00PM	Server name: shr-db-srv03\
Server IP : 172.16.18.160\
OS : Ubuntu 24.04\
CPU : 4\
Memory : 8 G\
Storage :155 GB\
Username; root/mishealth\
\
	2025-11-03	SHR	0000-00-00	Yes	Open Source	Open Source	Open Source	Open Source		\N
24	MIS, DGHS	1	0	104	•	Without DGHSs managements prior written approval Data Center management personnel of DGHS will not provide management access to the server from the internet.<br/>\
•	All required information must be filled up by the requester of the server.<br/>\
•	Server deployment will be done after approval from DGHS MIS authority.<br/>\
•	The requester must ensure that their software or web application does not contain any malicious code, vulnerabilities, or defects that could compromise the security, stability, or performance of the server or the network.<br/>\
•	All applications deployed on the server must comply with established national and international industry security standards and best practices.<br/>\
•	The service owner will be responsible for any harm caused by their software or web application, including data breaches, service disruptions, or unauthorized access resulting from the application.<br/>\
•	The service owner must test their software for risks/vulnerabilities before deployment and a report will be submitted to MIS.<br/>\
•	Required patch update or anything needful to ensure cyber security must be done by developer or organization.<br/>\
•	In the case of API integration, the service owner must comply with all terms and conditions as outlined in the API contract.<br/>\
•	DGHS will perform centralized backup (minimum 24 hour interval) of data from the above specified location only and the data will be retained as per retention policy.<br/>\
•	For DB backup, Database Administrator is fully responsible for storing the dump files into the defined backup directory as per above specified RPO time interval.<br/>\
•	RPO (Recovery Point Objective) is the maximum time of data loss that can tolerate.<br/>\
•	Basic installation of OS will be done by DGHS. In case of any specific package installation/configuration will be required, then DGHS will provide console login to the server so that application vendor can install OS/packages of their own.<br/>\
•	Each deployed system must undergo an half yearly review and renewal process. The service owner must submit a renewal request. Failure to renew within the stipulated period may result in suspension or decommissioning of the system.<br/>\
•	If the system is no longer in use for any reason, then the system owner will inform to MIS, DGHS.<br/>\
By signing below, the service owner agrees to the above terms and confirms compliance with the stated conditions.<br/>\
            	Sastho Bhaban			Fahim Hossain	MIS	Senior Software Specialist	01735136398	fahims2015@gmail.com	Sukhendu Shekhor Roy	Senior System Analyst	01712214539	sukhenbd@hotmail.com	MD ZAHIDUL ISLAM	DPM	01715121973	sofordar@mis.dghs.gov.bd	Fahim Hossain	A-16 Ramna Estate Complex, 124 Bara Moghbazar, Dhaka -1217	01735136398	fahims2015@gmail.com	Database Server	Performance and Reliability of SHR Service		N/A	SHR Microservices	Cassandra	Java, Node, Python, etc	Development		Database		4 cores		16 GB		50 GB		\N		\N	Ubuntu	24.04	Open Source	N/A	N/A	MIS	Open source	Local Network							50 GB	Requester	Monthly	accept	SHR Team	708032206_1757491087.jpg	2025-09-10	accept		Approved & Deployed	Younus Jamil Rana	Kazi Fabliha Tasnim	Sukhendu Shekhor Roy	Zulfiker Ali	shr-db-srv04	NNS Solution Ltd\
\
	2025-10-22  2:00PM	Server name: shr-db-srv04\
Server IP : 172.16.18.161\
OS : Ubuntu 24.04\
CPU : 4\
Memory : 8 G\
Storage :155 GB\
Username; root/mishealth\
	2025-11-03	SHR	0000-00-00	Yes	Open Source	Open Source	Open Source	Open Source		\N
25	MIS, DGHS	1	0	103	•	Without DGHSs managements prior written approval Data Center management personnel of DGHS will not provide management access to the server from the internet.<br/>\
•	All required information must be filled up by the requester of the server.<br/>\
•	Server deployment will be done after approval from DGHS MIS authority.<br/>\
•	The requester must ensure that their software or web application does not contain any malicious code, vulnerabilities, or defects that could compromise the security, stability, or performance of the server or the network.<br/>\
•	All applications deployed on the server must comply with established national and international industry security standards and best practices.<br/>\
•	The service owner will be responsible for any harm caused by their software or web application, including data breaches, service disruptions, or unauthorized access resulting from the application.<br/>\
•	The service owner must test their software for risks/vulnerabilities before deployment and a report will be submitted to MIS.<br/>\
•	Required patch update or anything needful to ensure cyber security must be done by developer or organization.<br/>\
•	In the case of API integration, the service owner must comply with all terms and conditions as outlined in the API contract.<br/>\
•	DGHS will perform centralized backup (minimum 24 hour interval) of data from the above specified location only and the data will be retained as per retention policy.<br/>\
•	For DB backup, Database Administrator is fully responsible for storing the dump files into the defined backup directory as per above specified RPO time interval.<br/>\
•	RPO (Recovery Point Objective) is the maximum time of data loss that can tolerate.<br/>\
•	Basic installation of OS will be done by DGHS. In case of any specific package installation/configuration will be required, then DGHS will provide console login to the server so that application vendor can install OS/packages of their own.<br/>\
•	Each deployed system must undergo an half yearly review and renewal process. The service owner must submit a renewal request. Failure to renew within the stipulated period may result in suspension or decommissioning of the system.<br/>\
•	If the system is no longer in use for any reason, then the system owner will inform to MIS, DGHS.<br/>\
By signing below, the service owner agrees to the above terms and confirms compliance with the stated conditions.<br/>\
            	DGHS, Mohakhali			Md. Akber Hossain	MIS	Programmer	01701248094	akbermirage@gmail.com	Md. Akber Hossain	Programmer	01701248094	akbermirage@gmail.com	Md. Akber Hossain	Programmer	01701248094	akbermirage@gmail.com	Mpower	Nur Empori | Level-10, House: 77 | Road: 11, Block: M Banani, Dhaka-1213	01671376397	jonayed.hossain@mpower-social.com	Developing the project	Improve Smart Health BD APPs		OpenSRP	OpenSRP	Postgres	No	Development		Application		8 cores		16 GB		Other	500 GB	Other		\N	ubuntu	Ubuntu 24.04 LTS-64bits server Edition	Requester	no	.dghs.gov.bd	MIS	Open source	Remote Access							20 GB	Requester	Monthly	accept	Akber Hossain	1500198893_1756624441.jpg	2025-09-11	accept		Forwarded	Younus Jamil Rana	\N	\N	\N	\N	\N	\N	\N	\N	Smart Health BD	2026-12-31	Yes	Opensource	Opensource	N/A	no	\N	\N
27	Unicef	1	0	105	•	Without DGHSs managements prior written approval Data Center management personnel of DGHS will not provide management access to the server from the internet.<br/>\
•	All required information must be filled up by the requester of the server.<br/>\
•	Server deployment will be done after approval from DGHS MIS authority.<br/>\
•	The requester must ensure that their software or web application does not contain any malicious code, vulnerabilities, or defects that could compromise the security, stability, or performance of the server or the network.<br/>\
•	All applications deployed on the server must comply with established national and international industry security standards and best practices.<br/>\
•	The service owner will be responsible for any harm caused by their software or web application, including data breaches, service disruptions, or unauthorized access resulting from the application.<br/>\
•	The service owner must test their software for risks/vulnerabilities before deployment and a report will be submitted to MIS.<br/>\
•	Required patch update or anything needful to ensure cyber security must be done by developer or organization.<br/>\
•	In the case of API integration, the service owner must comply with all terms and conditions as outlined in the API contract.<br/>\
•	DGHS will perform centralized backup (minimum 24 hour interval) of data from the above specified location only and the data will be retained as per retention policy.<br/>\
•	For DB backup, Database Administrator is fully responsible for storing the dump files into the defined backup directory as per above specified RPO time interval.<br/>\
•	RPO (Recovery Point Objective) is the maximum time of data loss that can tolerate.<br/>\
•	Basic installation of OS will be done by DGHS. In case of any specific package installation/configuration will be required, then DGHS will provide console login to the server so that application vendor can install OS/packages of their own.<br/>\
•	Each deployed system must undergo an half yearly review and renewal process. The service owner must submit a renewal request. Failure to renew within the stipulated period may result in suspension or decommissioning of the system.<br/>\
•	If the system is no longer in use for any reason, then the system owner will inform to MIS, DGHS.<br/>\
By signing below, the service owner agrees to the above terms and confirms compliance with the stated conditions.<br/>\
            	UNICEF House, Plot E-30\
Syed Mahbub Morshed Avenue\
Sher-E-Bangla Nagar, Dhaka 1207\
Bangladesh	0255668088	infobangladesh@unicef.org	Sadman S. Hasib	eVLMIS	Support ENG.	01987782687	sadman.ador@gmail.com	Younus Jamil Rana	  Assistant Maintenance Engineer (AME)	01746605604	rana@mis.dghs.gov.bd	Md Jahid Shahed	Health Officer (eEPI), Health Section	8801711367476	mshahed@unicef.org	Statwig	Statwig, Hydrabaab, India	01987782687	sadman.ador@gmail.com	eVLMIS platform will have a streaming site for it's user.	1. User can self educate\
2. Videoes will be private		React JS	Node JS	Mongo DB	N/A	Production		Database		8 cores		32 GB		Other	100GB	\N		\N	Latest Ubuntu LTS	24.04.3 	Open Source	N/A	N/A	MIS	Open source	Internet Access							30 GB	Requester	Monthly	accept	Sadman Ador	\N	2025-10-27	accept		Approved	Younus Jamil Rana	Kazi Fabliha Tasnim	Sukhendu Shekhor Roy	\N	\N	\N	\N	\N	\N	eVLMIS video streaming server	2026-01-01	Yes	Open source	Open source	N/A	N/A	\N	\N
28	DGHS, MIS	1	0	103	•	Without DGHSs managements prior written approval Data Center management personnel of DGHS will not provide management access to the server from the internet.<br/>\
•	All required information must be filled up by the requester of the server.<br/>\
•	Server deployment will be done after approval from DGHS MIS authority.<br/>\
•	The requester must ensure that their software or web application does not contain any malicious code, vulnerabilities, or defects that could compromise the security, stability, or performance of the server or the network.<br/>\
•	All applications deployed on the server must comply with established national and international industry security standards and best practices.<br/>\
•	The service owner will be responsible for any harm caused by their software or web application, including data breaches, service disruptions, or unauthorized access resulting from the application.<br/>\
•	The service owner must test their software for risks/vulnerabilities before deployment and a report will be submitted to MIS.<br/>\
•	Required patch update or anything needful to ensure cyber security must be done by developer or organization.<br/>\
•	In the case of API integration, the service owner must comply with all terms and conditions as outlined in the API contract.<br/>\
•	DGHS will perform centralized backup (minimum 24 hour interval) of data from the above specified location only and the data will be retained as per retention policy.<br/>\
•	For DB backup, Database Administrator is fully responsible for storing the dump files into the defined backup directory as per above specified RPO time interval.<br/>\
•	RPO (Recovery Point Objective) is the maximum time of data loss that can tolerate.<br/>\
•	Basic installation of OS will be done by DGHS. In case of any specific package installation/configuration will be required, then DGHS will provide console login to the server so that application vendor can install OS/packages of their own.<br/>\
•	Each deployed system must undergo an half yearly review and renewal process. The service owner must submit a renewal request. Failure to renew within the stipulated period may result in suspension or decommissioning of the system.<br/>\
•	If the system is no longer in use for any reason, then the system owner will inform to MIS, DGHS.<br/>\
By signing below, the service owner agrees to the above terms and confirms compliance with the stated conditions.<br/>\
            	DGHS, MIS, Mohakhali			Md. Akber Hossain	MIS	Programmer	01873212178	akbermirage@gmail.com	Md. Akber Hossain	Programmer	01873212178	akbermirage@gmail.com	Md. Akber Hossain	Programmer	01873212178	akbermirage@gmail.com	Business Automation Ltd	BDDL Bhaban , Level -9 \
12, Kazi Nazrul Islam AVE , Dhaka = 1215	01755676723	noman@batworld.com	Training Server	Backend User Training 		.Net 6 , JAVA , HTML	C.Sharp	MS SQL Server 	Not Applicable 	Testing		Application		8 cores		32 GB		50 GB		\N		\N	Linux docker	up to date 	Open Source	Not Applicable 	Any	MIS	Open source	Local Network	80		1434				Other	MIS	Monthly	accept	Akber Hossain	1500198893_1756624441.jpg	2025-10-28	accept	0	Approved & Deployed	Younus Jamil Rana	Kazi Fabliha Tasnim	Sukhendu Shekhor Roy	Zulfiker Ali	op-dpp-dash	NNS Solution Ltd	2025-11-05  12:00 PM	Server name: op-dpp-dash\
IP : 172.16.18.166\
6OS : Ubuntu 22.04\
\
CPU : 8\
\
Memory : 16 G\
\
Storage :50 GB\
\
Username; root/mishealth	2025-11-05	OP-DPP Project Dashborad	0000-00-00	Yes	Not Applicable 	Not Applicable 	Not Applicable 	Not Applicable 		\N
29	Directorate General of Medical Education(DGME)	1	0	106	•	Without DGHSs managements prior written approval Data Center management personnel of DGHS will not provide management access to the server from the internet.<br/>\
•	All required information must be filled up by the requester of the server.<br/>\
•	Server deployment will be done after approval from DGHS MIS authority.<br/>\
•	The requester must ensure that their software or web application does not contain any malicious code, vulnerabilities, or defects that could compromise the security, stability, or performance of the server or the network.<br/>\
•	All applications deployed on the server must comply with established national and international industry security standards and best practices.<br/>\
•	The service owner will be responsible for any harm caused by their software or web application, including data breaches, service disruptions, or unauthorized access resulting from the application.<br/>\
•	The service owner must test their software for risks/vulnerabilities before deployment and a report will be submitted to MIS.<br/>\
•	Required patch update or anything needful to ensure cyber security must be done by developer or organization.<br/>\
•	In the case of API integration, the service owner must comply with all terms and conditions as outlined in the API contract.<br/>\
•	DGHS will perform centralized backup (minimum 24 hour interval) of data from the above specified location only and the data will be retained as per retention policy.<br/>\
•	For DB backup, Database Administrator is fully responsible for storing the dump files into the defined backup directory as per above specified RPO time interval.<br/>\
•	RPO (Recovery Point Objective) is the maximum time of data loss that can tolerate.<br/>\
•	Basic installation of OS will be done by DGHS. In case of any specific package installation/configuration will be required, then DGHS will provide console login to the server so that application vendor can install OS/packages of their own.<br/>\
•	Each deployed system must undergo an half yearly review and renewal process. The service owner must submit a renewal request. Failure to renew within the stipulated period may result in suspension or decommissioning of the system.<br/>\
•	If the system is no longer in use for any reason, then the system owner will inform to MIS, DGHS.<br/>\
By signing below, the service owner agrees to the above terms and confirms compliance with the stated conditions.<br/>\
            	67, Shaheed Tajuddin Ahmed Sarani\
Mohakhali, Dhaka-1212.\
Bangladesh.	01912587102	dg@dgme.gov.bd	Prof. Dr. Md. Mahiuddin Matubber	DGME ME	director	01328955353	directorme@dgme.gov.bd	Zikra Amin Paa	System Analyst	01912587102	sa.ict@dgme.gov.bd	Prof. Dr. Md. Mahiuddin Matubber	director	01328955353	directorme@dgme.gov.bd	DGME IT	DGME	01912587102	sa.ict@dgme.gov.bd	Result Publish and library 	online show the content	no space or server for dgme	React, JavaScript, JSON, and HTML	php laravel	mysql	OS	Production		Web		8 cores		Other	64	50 GB		500 GB		RAID 5	linux	centose 8	Open Source	xampp apache	dgme.gov.bd	MIS	Paid	Internet Access	443						Other	Requester	Monthly	accept	Zikra Amin PAA	1334107828_1761819457.png	2025-10-30	accept		Approved & Deployed	Younus Jamil Rana	Kazi Fabliha Tasnim	Sukhendu Shekhor Roy	Zulfiker Ali	dgme_result	NNS Solution Ltd	03/11/2025   12:15AM	Server name: dgme_result\
Server IP : 172.16.18.165\
OS : Ubuntu 22.04\
CPU : 8\
Memory : 64 G\
Storage :50+500 GB\
Username; root/dgmeadmin	2025-11-03	Result	0000-00-00	Yes	open source	open source	open source	open source		\N
30	e-Health, MIS DGHS	127	0	98		Mohakhali Dhaka	1322858216	sofordar@mis.dghs.gov.bd	Dr. Md Zahidul Islam	e-Health	DPM	1322858216	\N	\N	\N	\N	sofordar@mis.dghs.gov.bd	Dr. Md Zahidul Islam	DPM	1322858216	sofordar@mis.dghs.gov.bd	Abu Jobayer Bin Ali	MIS DGHS, Mohakhali, Dhaka	1718542900	jobayer.sd.ntp@gmail.com	Hosting	CI/CD implementation	Initial Assumption	N/A	N/A	N/A	N/A	Production		Application		8 cores		16 GB		50 GB		Other	0	RAID 0	Ubuntu	22.04	Open Source	N/A		MIS	Open source	Internet Access							50 GB	MIS	Daily	accept	Dr. Md. Zahidul Islam	1625005159_1753607559.jpg	0000-00-00	accept		Approved & Deployed	Younus Jamil Rana	Kazi Fabliha Tasnim	Sukhendu Shekhor Roy	Zulfiker Ali	dghs-ci/cd01	NNS Solution ltd	30/07/2025 3.00PM	Server name: dghs-ci/cd01 Server IP : 172.16.18.141 OS : Ubuntu 22.04 CPU : 4 Memory : 8 G Storage :55 GB Username; root/mishealth	0000-00-00	\N	0000-00-00	\N	\N	\N	\N	\N	\N	\N
31	MIS, DGHS	127	0	99		TB Gate, Mohakhali, Dhaka	1711731891	system.analyst@mis.dghs.gov.bd	Muhammed Ziaul Alam Chowdhury	MIS, DGHS	System Analyst	1711731891	\N	\N	\N	\N	system.analyst@mis.dghs.gov.bd	Md. Akber Hossain	Programmer	1701248094	programmer2@mis.dghs.gov.bd	MIS, DGHS	TB Gate, Mohakhali, Dhaka	1711731891	system.analyst@mis.dghs.gov.bd	Testing different systems' life cycle	Testing different systems' life cycle	Testing different systems' life cycle	N/A	N/A	N/A	N/A	Production		Application		4 cores		8 GB		50 GB		Other	N/A	RAID 0	Ubuntu	22.04	Open Source	N/A	N/A	MIS	Open source	Internet Access							Other	MIS	Monthly	accept	Muhammed Ziaul Alam Chowdhury	2000402826_1753610398.png	0000-00-00	accept	N/A	Approved & Deployed	Younus Jamil Rana	Kazi Fabliha Tasnim	Sukhendu Shekhor Roy	Zulfiker Ali	dghs-ci/cd02	NNS Solution ltd	30/07/2025	Server name: dghs-ci/cd02 Server IP : 172.16.18.142 OS : Ubuntu 22.04 CPU : 8 Memory : 16 G Storage :55 GB Username; root/mishealth	0000-00-00	\N	0000-00-00	\N	\N	\N	\N	\N	\N	\N
32	MIS, DGHS	127	0	99		TB Gate, Mohakhali, Dhaka	1711731891	info@mis.dghs.gov.bd	Muhammed Ziaul Alam Chowdhury	MIS, DGHS	System Analyst	1711731891	\N	\N	\N	\N	system.analyst@mis.dghs.gov.bd	Md. Akber Hossain	Programmer	1701248094	programmer2@mis.dghs.gov.bd	MIS, DGHS	TB Gate, Mohakhali, Dhaka	1711731891	system.analyst@mis.dghs.gov.bd	Testing different systems' life cycle	Testing different systems' life cycle	Testing different systems' life cycle	N/A	N/A	N/A	N/A	Production		Application		4 cores		8 GB		50 GB		Other	N/A	RAID 0	Ubuntu	22.04	Open Source	N/A	N/A	MIS	Open source	Internet Access	N/A	N/A					Other	MIS	Monthly	accept	Muhammed Ziaul Alam Chowdhury	2000402826_1753610398.png	0000-00-00	accept	N/A	Forwarded	Younus Jamil Rana	\N	Sukhendu Shekhor Roy	\N	\N	\N	\N	\N	0000-00-00	\N	0000-00-00	\N	\N	\N	\N	\N	\N	\N
33	MIS,DGHS	127	0	99		TB Gate, Mohakhali, Dhaka	1711731891	info@mis.dghs.gov.bd	Muhammed Ziaul Alam Chowdhury	MIS, DGHS	System Analyst	1711731891	\N	\N	\N	\N	me@mis.dghs.gov.bd	Younus Jamil Rana	Assistant Maintenance Engineer	1746605604	ame@mis.dghs.gov.bd	MIS Team	TB Gate, Mohakhali, Dhaka	1722531322	me@mis.dghs.gov.bd	Deploying and Testing Log Server	Collecting and monitoring different Logs from various sources	Collecting Logs from various sources	N/A	N?A	N/A	N/A	Development		Other		4 cores		8 GB		50 GB		100 GB		RAID 0	Ubuntu	24.04	Open Source	N/A	N/A	MIS	Open source	Internet Access	N/A	N/A					50 GB	MIS	Monthly	accept	Muhammed Ziaul Alam Chowdhury	2000402826_1753610398.png	0000-00-00	accept		Forwarded	Younus Jamil Rana	\N	Sukhendu Shekhor Roy	\N	\N	\N	\N	\N	0000-00-00	Test Log Server	0000-00-00	Yes	N/A	N/A	N/A	N/A	\N	\N
34	MIS,DGHS	127	0	99		TB Gate, Mohakhali, Dhaka	1711731891	info@mis.dghs.gov.bd	Muhammed Ziaul Alam Chowdhury	TB Gate, Mohakhali, Dhaka	System Analyst	1711731891	\N	\N	\N	\N	me@mis.dghs.gov.bd	Younus Jamil Rana	Assistant Maintenance Engineer	1746605604	ame@mis.dghs.gov.bd	MIS, DGHS	TB Gate, Mohakhali, Dhaka	1722531322	me@mis.dghs.gov.bd	Real-time monitoring of logs, diagnose problems, analyzing logs from different sources etc	Centralized visibility, enhanced security monitoring, compliance support, faster troubleshooting, improved incident response, and reduced operational costs through efficient log management.	To ensure reliable log processing, storage, and system stability for effective monitoring, troubleshooting, and compliance.	N/A	N/A	N/A	N/A	Production		Other		4 cores		16 GB		Other	200	Other	N/A	RAID 0	Ubuntu	24.04	Open Source	N/A	N/A	MIS	Open source	Internet Access	N/A	N/A					50 GB	MIS	Daily	accept	Muhammed Ziaul Alam Chowdhury	2000402826_1753610398.png	0000-00-00	accept		Forwarded	Younus Jamil Rana	\N	Sukhendu Shekhor Roy	\N	\N	\N	\N	\N	0000-00-00	DC Log Server	0000-00-00	Yes	N/A	N/A	N/A	N/A	\N	\N
35	MIS,DGHS	127	0	99		TB Gate, Mohakhali, Dhaka	1711731891	info@mis.dghs.gov.bd	Muhammed Ziaul Alam Chowdhury	TB Gate, Mohakhali, Dhaka	System Analyst	1711731891	\N	\N	\N	\N	me@mis.dghs.gov.bd	Younus Jamil Rana	Assistant Maintenance Engineer	1746605604	ame@mis.dghs.gov.bd	MIS Team	TB Gate, Mohakhali, Dhaka	1722531322	me@mis.dghs.gov.bd	Real-time monitoring of logs, diagnose problems, analyzing logs from different sources etc	Centralized visibility, enhanced security monitoring, compliance support, faster troubleshooting, improved incident response, and reduced operational costs through efficient log management.	To ensure reliable log processing, storage, and system stability for effective monitoring, troubleshooting, and compliance.	N/A	N/A	N/A	N/A	Production		Other		4 cores		8 GB		50 GB		100 GB		RAID 0	Ubuntu	24.04	Open Source	N/A	N/A	MIS	Open source	Internet Access	N/A	N/A					50 GB	MIS	Daily	accept	Muhammed Ziaul Alam Chowdhury	2000402826_1753610398.png	0000-00-00	accept		Forwarded	Younus Jamil Rana	\N	Sukhendu Shekhor Roy	\N	\N	\N	\N	\N	0000-00-00	Log Client	0000-00-00	Yes	N/A	N/A	N/A	N/A	\N	\N
36	National Heart Foundatio of Bangladesh	127	0	0		Mirpur-2	01730372957	samsul@nhf.org.bd	Md. Samsul Haque	IT	Devops Engineer	'01730372957	\N	\N	\N	\N																	POC		TEST		4 Cores		8 GB		250 GB				RAID 1	Ubuntu	24.0LTS	Open Source			MIS	Open source	Internet Access										Accept	Md. Samsul Haque		0000-00-00	Accept		Approved & Deployed	Younus Jamil Rana	Kazi Fabliha Tasnim	Sukhendu Shekhor Roy	Zulfiker Ali	nhf-poc01	NNS Solution ltd	11/06/2024	Server name: nhf-poc01\
Server IP : 172.16.18.121\
OS : UBUNTU 24.04\
CPU : 4\
Memory : 8 G\
Storage :250GB\
User Name: nhfadmin	0000-00-00		0000-00-00							\N
37	National Heart Foundatio of Bangladesh	127	0	0		Mirpur-2	01730372957	samsul@nhf.org.bd	Md. Samsul Haque	IT	Devops Engineer	01730372957	\N	\N	\N	\N																	POC		TEST		4 Cores		8 GB		250 GB				RAID 1	Ubuntu	24.0LTS	Open Source			MIS	Open source	Internet Access										Accept	Md. Samsul Haque		0000-00-00	Accept		Approved & Deployed	Younus Jamil Rana	Kazi Fabliha Tasnim	Sukhendu Shekhor Roy	Zulfiker Ali	nhf-poc02	NNS Solution ltd		Server name: nhf-poc02\
Server IP : 172.16.18.122\
OS : UBUNTU 24.04\
CPU : 4\
Memory : 8 G\
Storage :250GB\
User Name: nhfadmin	0000-00-00		0000-00-00							\N
38	National Heart Foundatio of Bangladesh	127	0	0		Mirpur-2	01730372957	samsul@nhf.org.bd	Md. Samsul Haque	IT	Devops Engineer	01730372957	\N	\N	\N	\N																	POC		TEST		4 Cores		8 GB		250 GB				RAID 1	Ubuntu	24.0LTS	Open Source			MIS	Open source	Internet Access										Accept	Md. Samsul Haque		0000-00-00	Accept		Approved & Deployed	Younus Jamil Rana	Kazi Fabliha Tasnim	Sukhendu Shekhor Roy	Zulfiker Ali	nhf-poc02	NNS Solution ltd		Server name: nhf-poc03\
Server IP : 172.16.18.123\
OS : UBUNTU 24.04\
CPU : 4\
Memory : 8 G\
Storage :250GB\
User Name: nhfadmin	0000-00-00		0000-00-00							\N
39	MIS, DGHS	127	0	0		TB Gate, Mohakhali, Dhaka	01711731891	System.analyst@mis.dghs.gov.bd	Muhammed Ziaul Alam Chowdhury	mis, DGHS	Systern Analyst	01711731891	\N	\N	\N	\N																	Testing		TEST		4 Cores		16 GB		50 GB				RAID 1	Windows Server 2022	22	Open Source			MIS	Open source	Internet Access										Accept	Muhammed Ziaul Alam Chowdhury		0000-00-00	Accept		Approved & Deployed	Younus Jamil Rana	Kazi Fabliha Tasnim	Sukhendu Shekhor Roy	Zulfiker Ali	ziaul-sir-rnd	NNS Solution ltd		Server name: ziaul-sir-rnd\
Server IP : 172.16.17.242\
OS : Ubuntu 22.04\
CPU : 8\
Memory : 16 G\
Storage :305 G\
User Name: mishealth	0000-00-00		0000-00-00							\N
40	MIS, DGHS	127	0	0		TB Gate, Mohakhali, Dhaka	01719235897	rajibpaul@mis.dghs.gov.bd	Rajib Paul	mis, DGHS	Consultant	01719235897	\N	\N	\N	\N																	Production		Biometric		8 cores		16 GB		200 GB				RAID 1	CentOS 8	8 Streatm	Open Source			MIS	Open source	Internet Access										Accept	Rajib Paul		0000-00-00	Accept		Approved & Deployed	Younus Jamil Rana	Kazi Fabliha Tasnim	Sukhendu Shekhor Roy	Zulfiker Ali		NNS Solution ltd			0000-00-00		0000-00-00							\N
41	DIVO Solution	127	0	0					Nafiz Fuad		Asst. Software Engineer		\N	\N	\N	\N																	Production				4 cores		16 GB		2.5 TB				RAID 0	Ubontu 2.4.04 (LTS)	2.4.04	Open Source			MIS	Open source	Internet Access										Accept	Nafiz Fuad		0000-00-00	Accept		Approved & Deployed	Younus Jamil Rana	Kazi Fabliha Tasnim	Sukhendu Shekhor Roy	Zulfiker Ali		NNS Solution ltd			0000-00-00		0000-00-00							\N
42	IPHN	127	0	0		Mohakhali, Dhaka	01611447842	mar.ranju37@gmail.com	Dr.Mahbub Arefin		Divisional Chief	01611447842	\N	\N	\N	\N																	Production		IPHN		4 cores		16 GB		50 GB				RAID 1	Ubontu 22.04 (LTE)	22.04	Open Source			MIS	Open source	Internet Access										Accept	Dr.Mahbub Arefin		0000-00-00	Accept		Approved & Deployed	Younus Jamil Rana	Kazi Fabliha Tasnim	Sukhendu Shekhor Roy	Zulfiker Ali		NNS Solution ltd			0000-00-00		0000-00-00							\N
43	BHE, DGHS	127	0	0		Mohakhali, Dhaka	01711004508	happynatripura@gmail.com	Happyna Tripura		Asst. Chief (Admin)	01711004508	\N	\N	\N	\N																	Production				4 cores		16 GB		50 GB				RAID 1	Ubontu 22.04 (LTE)	22.04	Open Source			MIS	Open source	Internet Access										Accept	Happyna Tripura		0000-00-00	Accept		Approved & Deployed	Younus Jamil Rana	Kazi Fabliha Tasnim	Sukhendu Shekhor Roy	Zulfiker Ali		NNS Solution ltd			0000-00-00		0000-00-00							\N
44	MIS,DGHS	127	0	0		TB Gate, Mohakhali, Dhaka	01737230847	riaz.somc@mis.dghs.gov.bd	Dr. B. M. Riazul Islam		Deputy Chief (Medical) 	01737230847	\N	\N	\N	\N																	Production				2 cores		4 GB		30 GB				RAID 0	Ubontu 22.04 (LTE)	22.04	Open Source			MIS	Open source	Internet Access										Accept	Dr. B. M. Riazul Islam		0000-00-00	Accept		Approved & Deployed	Younus Jamil Rana	Kazi Fabliha Tasnim	Sukhendu Shekhor Roy	Zulfiker Ali		NNS Solution ltd			0000-00-00		0000-00-00							\N
45	National Tuberculosis Control Program	127	0	0					Dr. Ahmadul Hasan Khan		Line Director, TB-Leprosy & ASP		\N	\N	\N	\N																	Production				4 cores		16 GB		1650 GB				RAID 1	Ubontu 22.04 (LTE)	22.04	Open Source			MIS	Open source	Internet Access										Accept	Dr. Ahmadul Hasan Khan		0000-00-00	Accept		Approved & Deployed	Younus Jamil Rana	Kazi Fabliha Tasnim	Sukhendu Shekhor Roy	Zulfiker Ali		NNS Solution ltd			0000-00-00		0000-00-00							\N
46	MIS,DGHS	127	0	0		TB Gate, Mohakhali, Dhaka	01833375133	saizulamin@gmail.com	Md. Saizul Amin		Jr. It Consultant	01833375133	\N	\N	\N	\N																	Production				4 cores		8 GB		30 GB				RAID 1	Ubontu 22.04 (LTE)	22.04	Open Source				Open source	Internet Access										Accept	Md. Saizul Amin		0000-00-00	Accept		Approved & Deployed	Younus Jamil Rana	Kazi Fabliha Tasnim	Sukhendu Shekhor Roy	Zulfiker Ali		NNS Solution ltd			0000-00-00		0000-00-00							\N
47	MIS,DGHS	127	0	0		TB Gate, Mohakhali, Dhaka	+880 1819-239241	hannan.khan@hispbd.org	Abdul Hannan Khan		Hisp team lead		\N	\N	\N	\N																	Production	Powered On	dhis2-covid19-upgrade		56		100 GB		1.74 TB				RAID 1	Ubuntu Linux (64-bit)		Open Source				Open source											Accept			0000-00-00	Accept		Approved & Deployed	Younus Jamil Rana	Kazi Fabliha Tasnim	Sukhendu Shekhor Roy	Zulfiker Ali	dhis2-covid19-upgrade	NNS Solution ltd		172.16.18.75	0000-00-00		0000-00-00							\N
48	MIS,DGHS	127	0	0		TB Gate, Mohakhali, Dhaka	+880 1819-239241	hannan.khan@hispbd.org	Abdul Hannan Khan		Hisp team lead		\N	\N	\N	\N																	Production	Powered On	dhis-central-db		44		152 GB		4.27 TB				RAID 0	Ubuntu Linux (64-bit)		Open Source				Open source											Accept			0000-00-00	Accept		Approved & Deployed	Younus Jamil Rana	Kazi Fabliha Tasnim	Sukhendu Shekhor Roy	Zulfiker Ali	dhis-central-db	NNS Solution ltd		172.16.18.82	0000-00-00		0000-00-00							\N
49	MIS,DGHS	127	0	0		TB Gate, Mohakhali, Dhaka	+880 1819-239241	hannan.khan@hispbd.org	Abdul Hannan Khan		Hisp team lead		\N	\N	\N	\N																	Production	Powered On	main-db		44		152 GB		1.73 TB				RAID 1	Ubuntu Linux (64-bit)		Open Source				Open source											Accept			0000-00-00	Accept		Approved & Deployed	Younus Jamil Rana	Kazi Fabliha Tasnim	Sukhendu Shekhor Roy	Zulfiker Ali	main-db	NNS Solution ltd		172.16.18.47	0000-00-00		0000-00-00							\N
50	MIS,DGHS	127	0	0		TB Gate, Mohakhali, Dhaka	+880 1819-239241	hannan.khan@hispbd.org	Abdul Hannan Khan		Hisp team lead		\N	\N	\N	\N																	Production	Powered On	main-db		44		152 GB		1.73 TB				RAID 1	Ubuntu Linux (64-bit)		Open Source				Open source											Accept			0000-00-00	Accept		Approved & Deployed	Younus Jamil Rana	Kazi Fabliha Tasnim	Sukhendu Shekhor Roy	Zulfiker Ali	main-db	NNS Solution ltd		172.16.18.180	0000-00-00		0000-00-00							\N
51	MIS,DGHS	127	0	0		TB Gate, Mohakhali, Dhaka	+880 1819-239241	hannan.khan@hispbd.org	Abdul Hannan Khan		Hisp team lead		\N	\N	\N	\N																	Production	Powered On	dhis2-db3		40		80 GB		5.4 TB				RAID 0	Ubuntu Linux (64-bit)		Open Source				Open source											Accept			0000-00-00	Accept		Approved & Deployed	Younus Jamil Rana	Kazi Fabliha Tasnim	Sukhendu Shekhor Roy	Zulfiker Ali	dhis2-db3	NNS Solution ltd		172.16.18.119	0000-00-00		0000-00-00							\N
52	MIS,DGHS	127	0	0		TB Gate, Mohakhali, Dhaka	+880 1819-239241	hannan.khan@hispbd.org	Abdul Hannan Khan		Hisp team lead		\N	\N	\N	\N																	Production	Powered Off	dhis2-mrcampaign		32		90 GB		1.87 TB				RAID 1	CoreOS Linux (64-bit)		Open Source				Open source											Accept			0000-00-00	Accept		Approved & Deployed	Younus Jamil Rana	Kazi Fabliha Tasnim	Sukhendu Shekhor Roy	Zulfiker Ali	dhis2-mrcampaign	NNS Solution ltd			0000-00-00		0000-00-00							\N
53	MIS,DGHS	127	0	0		TB Gate, Mohakhali, Dhaka	+880 1819-239241	hannan.khan@hispbd.org	Abdul Hannan Khan		Hisp team lead		\N	\N	\N	\N																	Production	Powered On	community-app		32		80 GB		600.49 GB				RAID 1	Ubuntu Linux (64-bit)		Open Source				Open source											Accept			0000-00-00	Accept		Approved & Deployed	Younus Jamil Rana	Kazi Fabliha Tasnim	Sukhendu Shekhor Roy	Zulfiker Ali	community-app	NNS Solution ltd		172.16.17.201	0000-00-00		0000-00-00							\N
54	MIS,DGHS	127	0	0		TB Gate, Mohakhali, Dhaka	+880 1819-239241	hannan.khan@hispbd.org	Abdul Hannan Khan		Hisp team lead		\N	\N	\N	\N																	Production	Powered On	community-db		32		80 GB		4.26 TB				RAID 1	Ubuntu Linux (64-bit)		Open Source				Open source											Accept			0000-00-00	Accept		Approved & Deployed	Younus Jamil Rana	Kazi Fabliha Tasnim	Sukhendu Shekhor Roy	Zulfiker Ali	community-db	NNS Solution ltd		172.16.18.201	0000-00-00		0000-00-00							\N
55	Health Economics Unit	127	0	0			01858 44 00 23?,sa@heu.gov.b	Md. Mehedi Hassan		Hisp team lead			\N	\N	\N	\N																Production	Powered Off	DGHS-SSK		32		64 GB		14.59 TB				RAID 0	Microsoft Windows Server 2012 (64-bit)		Open Source				Open source											Accept				0000-00-00		Approved & Deployed	Younus Jamil Rana	Kazi Fabliha Tasnim	Sukhendu Shekhor Roy	Zulfiker Ali	DGHS-SSK	NNS Solution ltd				0000-00-00		0000-00-00						\N	\N
56	MIS,DGHS	127	0	0		TB Gate, Mohakhali, Dhaka	+880 1819-239241	hannan.khan@hispbd.org	Abdul Hannan Khan		Hisp team lead		\N	\N	\N	\N																	Production	Powered On	dhis2-etracker-02		32		64 GB		804.36 GB				RAID 1	Ubuntu Linux (64-bit)		Open Source				Open source											Accept			0000-00-00	Accept		Approved & Deployed	Younus Jamil Rana	Kazi Fabliha Tasnim	Sukhendu Shekhor Roy	Zulfiker Ali	dhis2-etracker-02	NNS Solution ltd		172.16.17.78	0000-00-00		0000-00-00							\N
57	Health Economics Unit	127	0	0			01858 44 00 23?,sa@heu.gov.b	Md. Mehedi Hassan		Hisp team lead			\N	\N	\N	\N																Production	Powered Off	SSK-WEBSERVER		32		64 GB		377.9 GB				RAID 1	Microsoft Windows Server 2016 or later (64-bit)		Open Source				Open source											Accept				0000-00-00		Approved & Deployed	Younus Jamil Rana	Kazi Fabliha Tasnim	Sukhendu Shekhor Roy	Zulfiker Ali	SSK-WEBSERVER	NNS Solution ltd				0000-00-00		0000-00-00						\N	\N
58	MIS,DGHS	127	0	0		TB Gate, Mohakhali, Dhaka	+880 1819-239241	hannan.khan@hispbd.org	Abdul Hannan Khan		Hisp team lead		\N	\N	\N	\N																	Production	Powered On	central-db		32		80 GB		8.08 TB				RAID 0	Ubuntu Linux (64-bit)		Open Source				Open source											Accept			0000-00-00	Accept		Approved & Deployed	Younus Jamil Rana	Kazi Fabliha Tasnim	Sukhendu Shekhor Roy	Zulfiker Ali	central-db	NNS Solution ltd		172.16.18.26	0000-00-00		0000-00-00							\N
59	MIS,DGHS	127	0	0		TB Gate, Mohakhali, Dhaka	+880 1819-239241	hannan.khan@hispbd.org	Abdul Hannan Khan		Hisp team lead		\N	\N	\N	\N																	Production	Powered On	dhis2-mrcampaign		32		90 GB		3.65 TB				RAID 1	CoreOS Linux (64-bit)		Open Source				Open source											Accept			0000-00-00	Accept		Approved & Deployed	Younus Jamil Rana	Kazi Fabliha Tasnim	Sukhendu Shekhor Roy	Zulfiker Ali	dhis2-mrcampaign	NNS Solution ltd		172.16.17.77	0000-00-00		0000-00-00							\N
60	MIS,DGHS	127	0	0		TB Gate, Mohakhali, Dhaka	01714-005887	asif@head-blocks.com	Asif Atick		It Consultant	0 1735-136398	\N	\N	\N	\N																	Production	Powered On	k8s-agent-1		24		64 GB		1.53 TB				RAID 1	Ubuntu Linux (64-bit)		Open Source				Open source											Accept			0000-00-00	Accept		Approved & Deployed	Younus Jamil Rana	Kazi Fabliha Tasnim	Sukhendu Shekhor Roy	Zulfiker Ali	k8s-agent-1	NNS Solution ltd		172.16.17.191	0000-00-00		0000-00-00							\N
61	MIS,DGHS	127	0	0		TB Gate, Mohakhali, Dhaka	01714-005887	asif@head-blocks.com	Asif Atick		It Consultant	0 1735-136398	\N	\N	\N	\N																	Production	Powered On	k8s-agent-2		24		64 GB		1.53 TB				RAID 1	Ubuntu Linux (64-bit)		Open Source				Open source											Accept			0000-00-00	Accept		Approved & Deployed	Younus Jamil Rana	Kazi Fabliha Tasnim	Sukhendu Shekhor Roy	Zulfiker Ali	k8s-agent-2	NNS Solution ltd		172.16.17.192	0000-00-00		0000-00-00							\N
62	mPower Social Enterprises Ltd.	127	0	0		Nur Empori (Level-10) | House#77 | B#M | R#11 | Banani | Dhaka-1213 |	+88 01793544563	amsaif@mpower-social.com	A.M.Saif	Application	Project Manager	+88 01793544563	\N	\N	\N	\N																	Production	Powered On	vaxepidbserver1		24		128 GB		1.22 TB				RAID 0	Other Linux (64-bit)		Open Source				Open source											Accept			0000-00-00	Accept		Approved & Deployed	Younus Jamil Rana	Kazi Fabliha Tasnim	Sukhendu Shekhor Roy	Zulfiker Ali	vaxepidbserver1	NNS Solution ltd		172.16.18.176	0000-00-00		0000-00-00							\N
63	MIS,DGHS	127	0	0		TB Gate, Mohakhali, Dhaka	+880 1819-239241	hannan.khan@hispbd.org	Abdul Hannan Khan				\N	\N	\N	\N																	Production	Powered On	main-app		24		64 GB		574.57 GB				RAID 1	Ubuntu Linux (64-bit)		Open Source				Open source											Accept			0000-00-00	Accept		Approved & Deployed	Younus Jamil Rana	Kazi Fabliha Tasnim	Sukhendu Shekhor Roy	Zulfiker Ali	main-app	NNS Solution ltd		172.16.17.47	0000-00-00		0000-00-00							\N
64	MIS,DGHS	127	0	0		TB Gate, Mohakhali, Dhaka	+880 1819-239241	hannan.khan@hispbd.org	Abdul Hannan Khan				\N	\N	\N	\N																	Production	Powered On	dhis-central-app		24		64 GB		294.47 GB				RAID 1	Ubuntu Linux (64-bit)		Open Source				Open source											Accept			0000-00-00	Accept		Approved & Deployed	Younus Jamil Rana	Kazi Fabliha Tasnim	Sukhendu Shekhor Roy	Zulfiker Ali	dhis-central-app	NNS Solution ltd		172.16.17.82	0000-00-00		0000-00-00							\N
65	MIS,DGHS	127	0	0		TB Gate, Mohakhali, Dhaka	+880 1819-239241	hannan.khan@hispbd.org	Abdul Hannan Khan				\N	\N	\N	\N																	Production	Powered On	main-app		24		64 GB		294.57 GB				RAID 0	Ubuntu Linux (64-bit)		Open Source				Open source											Accept			0000-00-00	Accept		Approved & Deployed	Younus Jamil Rana	Kazi Fabliha Tasnim	Sukhendu Shekhor Roy	Zulfiker Ali	main-app	NNS Solution ltd		172.16.17.180	0000-00-00		0000-00-00							\N
66	MIS,DGHS	127	0	0		TB Gate, Mohakhali, Dhaka	+880 1819-239241	hannan.khan@hispbd.org	Abdul Hannan Khan		Hisp team lead	+880 1819-239241	\N	\N	\N	\N																	Production	Powered On	hpv-app02		24		48 GB		554.09 GB				RAID 1	Ubuntu Linux (64-bit)		Open Source				Open source											Accept			0000-00-00	Accept		Approved & Deployed	Younus Jamil Rana	Kazi Fabliha Tasnim	Sukhendu Shekhor Roy	Zulfiker Ali	hpv-app02	NNS Solution ltd		172.16.18.134	0000-00-00		0000-00-00							\N
67	MIS,DGHS	127	0	0		TB Gate, Mohakhali, Dhaka	+880 1819-239241	hannan.khan@hispbd.org	Abdul Hannan Khan		Hisp team lead	+880 1819-239241	\N	\N	\N	\N																	Production	Powered On	hvp-rep-app01		24		48 GB		556.12 GB				RAID 1	Ubuntu Linux (64-bit)		Open Source				Open source											Accept			0000-00-00	Accept		Approved & Deployed	Younus Jamil Rana	Kazi Fabliha Tasnim	Sukhendu Shekhor Roy	Zulfiker Ali	hvp-rep-app01	NNS Solution ltd		172.16.18.137	0000-00-00		0000-00-00							\N
68	MIS,DGHS	127	0	0		TB Gate, Mohakhali, Dhaka	+880 1819-239241	hannan.khan@hispbd.org	Abdul Hannan Khan		Hisp team lead	+880 1819-239241	\N	\N	\N	\N																	Production	Powered On	hvp-rep-app01		24		48 GB		556.08 GB				RAID 0	Ubuntu Linux (64-bit)		Open Source				Open source											Accept			0000-00-00	Accept		Approved & Deployed	Younus Jamil Rana	Kazi Fabliha Tasnim	Sukhendu Shekhor Roy	Zulfiker Ali	hvp-rep-app01	NNS Solution ltd		172.16.18.138	0000-00-00		0000-00-00							\N
69	MIS, DGHS	127	0	99		TB Gate, Mohakhali, Dhaka	1746638483	raihan@activationltd.com	Raihan Sikder		CEO (Activition)	1711731891	\N	\N	\N	\N																	Production	Powered On	dghs-hrm		24		60 GB		7.25 TB				RAID 1	Ubuntu Linux (64-bit)		Open Source				Open source											Accept			0000-00-00	Accept		Approved & Deployed	Younus Jamil Rana	Kazi Fabliha Tasnim	Sukhendu Shekhor Roy	Zulfiker Ali	dghs-hrm	NNS Solution ltd		172.16.17.61	0000-00-00		0000-00-00							\N
70	MIS,DGHS	127	0	0		TB Gate, Mohakhali, Dhaka	+880 1819-239241	hannan.khan@hispbd.org	Abdul Hannan Khan				\N	\N	\N	\N																	Production	Powered On	central-app		24		48 GB		1.03 TB				RAID 1	Ubuntu Linux (64-bit)		Open Source				Open source											Accept			0000-00-00	Accept		Approved & Deployed	Younus Jamil Rana	Kazi Fabliha Tasnim	Sukhendu Shekhor Roy	Zulfiker Ali	central-app	NNS Solution ltd		172.16.17.247	0000-00-00		0000-00-00							\N
71	MIS,DGHS	127	0	0		TB Gate, Mohakhali, Dhaka	01714-005887	asif@head-blocks.com	Asif Atick		It Consultant	01714-005887	\N	\N	\N	\N																	Production	Powered On	k8s-agent-3		24		64 GB		1.53 TB				RAID 0	Ubuntu Linux (64-bit)		Open Source				Open source											Accept			0000-00-00	Accept		Approved & Deployed	Younus Jamil Rana	Kazi Fabliha Tasnim	Sukhendu Shekhor Roy	Zulfiker Ali	k8s-agent-3	NNS Solution ltd		172.16.17.252	0000-00-00		0000-00-00							\N
72	MIS,DGHS	127	0	0		TB Gate, Mohakhali, Dhaka	+880 1819-239241	hannan.khan@hispbd.org	Abdul Hannan Khan		Hisp team lead	+880 1819-239241	\N	\N	\N	\N																	Production	Powered On	hvp-rep-app		24		48 GB		554.48 GB				RAID 1	Ubuntu Linux (64-bit)		Open Source				Open source											Accept			0000-00-00	Accept		Approved & Deployed	Younus Jamil Rana	Kazi Fabliha Tasnim	Sukhendu Shekhor Roy	Zulfiker Ali	hvp-rep-app	NNS Solution ltd		172.16.18.102	0000-00-00		0000-00-00							\N
73	MIS,DGHS	127	0	0		TB Gate, Mohakhali, Dhaka	+880 1819-239241	hannan.khan@hispbd.org	Abdul Hannan Khan		Hisp team lead	+880 1819-239241	\N	\N	\N	\N																	Production	Powered On	hvp-rep-db		24		48 GB		1.23 TB				RAID 1	Ubuntu Linux (64-bit)		Open Source				Open source											Accept			0000-00-00	Accept		Approved & Deployed	Younus Jamil Rana	Kazi Fabliha Tasnim	Sukhendu Shekhor Roy	Zulfiker Ali	hvp-rep-db	NNS Solution ltd		172.16.18.103	0000-00-00		0000-00-00							\N
74		127	0	0									\N	\N	\N	\N																	Production	Powered On	attendence-db		20		32 GB		772.71 GB				RAID 1	Ubuntu Linux (64-bit)		Open Source				Open source											Accept			0000-00-00	Accept		Approved & Deployed	Younus Jamil Rana	Kazi Fabliha Tasnim	Sukhendu Shekhor Roy	Zulfiker Ali	attendence-db	NNS Solution ltd		172.16.17.193	0000-00-00		0000-00-00							\N
75	MIS,DGHS	127	0	0		TB Gate, Mohakhali, Dhaka	+880 1819-239241	hannan.khan@hispbd.org	Abdul Hannan Khan				\N	\N	\N	\N																	Production	Powered On	dhis2-covid19-app		20		82 GB		414.96 GB				RAID 0	Ubuntu Linux (64-bit)		Open Source				Open source											Accept			0000-00-00	Accept		Approved & Deployed	Younus Jamil Rana	Kazi Fabliha Tasnim	Sukhendu Shekhor Roy	Zulfiker Ali	dhis2-covid19-app	NNS Solution ltd		172.16.17.75	0000-00-00		0000-00-00							\N
76	MIS,DGHS	127	0	0		TB Gate, Mohakhali, Dhaka	+880 1819-239241	hannan.khan@hispbd.org	Abdul Hannan Khan				\N	\N	\N	\N																	Production	Powered On	dhis2-covid19-app-new		20		82 GB		414.21 GB				RAID 1	Ubuntu Linux (64-bit)		Open Source				Open source											Accept			0000-00-00	Accept		Approved & Deployed	Younus Jamil Rana	Kazi Fabliha Tasnim	Sukhendu Shekhor Roy	Zulfiker Ali	dhis2-covid19-app-new	NNS Solution ltd		172.16.17.104	0000-00-00		0000-00-00							\N
77	MIS,DGHS	127	0	0		TB Gate, Mohakhali, Dhaka	+880 1819-239241	hannan.khan@hispbd.org	Abdul Hannan Khan				\N	\N	\N	\N																	Production	Powered On	dhis2-app3		20		32 GB		1.02 TB				RAID 1	Ubuntu Linux (64-bit)		Open Source				Open source											Accept			0000-00-00	Accept		Approved & Deployed	Younus Jamil Rana	Kazi Fabliha Tasnim	Sukhendu Shekhor Roy	Zulfiker Ali	dhis2-app3	NNS Solution ltd		172.16.18.118	0000-00-00		0000-00-00							\N
78	mPower Social Enterprises Ltd.	127	0	0		Nur Empori (Level-10) | House#77 | B#M | R#11 | Banani | Dhaka-1213 |	+88 01793544563	amsaif@mpower-social.com	A.M.Saif	Application	Project Manager	+88 01793544563	\N	\N	\N	\N																	Production	Powered On	vaxepidbserver2		16		96 GB		1.19 TB				RAID 0	Other Linux (64-bit)		Open Source				Open source											Accept			0000-00-00	Accept		Approved & Deployed	Younus Jamil Rana	Kazi Fabliha Tasnim	Sukhendu Shekhor Roy	Zulfiker Ali	vaxepidbserver2	NNS Solution ltd		172.16.18.177	0000-00-00		0000-00-00							\N
79	mPower Social Enterprises Ltd.	127	0	0		Nur Empori (Level-10) | House#77 | B#M | R#11 | Banani | Dhaka-1213 |	+88 01793544563	amsaif@mpower-social.com	A.M.Saif	Application	Project Manager	+88 01793544563	\N	\N	\N	\N																	Production	Powered On	vaxepilbproxy1		16		32 GB		134.25 GB				RAID 1	Other Linux (64-bit)		Open Source				Open source											Accept			0000-00-00	Accept		Approved & Deployed	Younus Jamil Rana	Kazi Fabliha Tasnim	Sukhendu Shekhor Roy	Zulfiker Ali	vaxepilbproxy1	NNS Solution ltd		172.16.17.164	0000-00-00		0000-00-00							\N
80	MIS,DGHS	127	0	0		TB Gate, Mohakhali, Dhaka	+880 1719-235897	rajibpaul@mis.dghs.gov.bd	Rajib Paul		Consultant	+880 1719-235897	\N	\N	\N	\N																	Production	Powered On	dghs-web1		16		32 GB		532.29 GB				RAID 1	CentOS 7 (64-bit)		Open Source				Open source											Accept			0000-00-00	Accept		Approved & Deployed	Younus Jamil Rana	Kazi Fabliha Tasnim	Sukhendu Shekhor Roy	Zulfiker Ali	dghs-web1	NNS Solution ltd		172.16.17.35	0000-00-00		0000-00-00							\N
81	MIS,DGHS	127	0	0		TB Gate, Mohakhali, Dhaka	+880 1819-239241	hannan.khan@hispbd.org	Abdul Hannan Khan		Hisp team lead		\N	\N	\N	\N																	Production	Powered On	covid-19-campaign		16		32 GB		233.12 GB				RAID 1	Ubuntu Linux (64-bit)		Open Source				Open source											Accept			0000-00-00	Accept		Approved & Deployed	Younus Jamil Rana	Kazi Fabliha Tasnim	Sukhendu Shekhor Roy	Zulfiker Ali	covid-19-campaign	NNS Solution ltd		172.16.17.92	0000-00-00		0000-00-00							\N
82	MIS,DGHS	127	0	0		TB Gate, Mohakhali, Dhaka	+880 1819-239241	hannan.khan@hispbd.org	Abdul Hannan Khan		Hisp team lead		\N	\N	\N	\N																	Production	Powered On	dhis-cervical-db		16		62 GB		1.04 TB				RAID 0	Ubuntu Linux (64-bit)		Open Source				Open source											Accept			0000-00-00	Accept		Approved & Deployed	Younus Jamil Rana	Kazi Fabliha Tasnim	Sukhendu Shekhor Roy	Zulfiker Ali	dhis-cervical-db	NNS Solution ltd		172.16.18.107	0000-00-00		0000-00-00							\N
83	MIS,DGHS	127	0	0		TB Gate, Mohakhali, Dhaka	+880 1819-239241	hannan.khan@hispbd.org	Abdul Hannan Khan		Hisp team lead		\N	\N	\N	\N																	Production	Powered On	community-training		16		64 GB		1.45 TB				RAID 1	Ubuntu Linux (64-bit)		Open Source				Open source											Accept			0000-00-00	Accept		Approved & Deployed	Younus Jamil Rana	Kazi Fabliha Tasnim	Sukhendu Shekhor Roy	Zulfiker Ali	community-training	NNS Solution ltd		172.16.18.21	0000-00-00		0000-00-00							\N
84	MIS,DGHS	127	0	0		TB Gate, Mohakhali, Dhaka	+880 1819-239241	hannan.khan@hispbd.org	Abdul Hannan Khan		Hisp team lead		\N	\N	\N	\N																	Production	Powered On	dhis-cr-db		16		48 GB		488.61 GB				RAID 1	Ubuntu Linux (64-bit)		Open Source				Open source											Accept			0000-00-00	Accept		Approved & Deployed	Younus Jamil Rana	Kazi Fabliha Tasnim	Sukhendu Shekhor Roy	Zulfiker Ali	dhis-cr-db	NNS Solution ltd		172.16.18.41	0000-00-00		0000-00-00							\N
85		127	0	0							Hisp team lead		\N	\N	\N	\N																	Production	Powered On	dhis-etracker		16		128 GB		1.5 TB				RAID 0	Ubuntu Linux (64-bit)		Open Source				Open source											Accept			0000-00-00	Accept		Approved & Deployed	Younus Jamil Rana	Kazi Fabliha Tasnim	Sukhendu Shekhor Roy	Zulfiker Ali	dhis-etracker	NNS Solution ltd		172.16.17.71	0000-00-00		0000-00-00							\N
86	MIS,DGHS	127	0	0		TB Gate, Mohakhali, Dhaka	+880 1819-239241	hannan.khan@hispbd.org	Abdul Hannan Khan		Hisp team lead		\N	\N	\N	\N																	Production	Powered On	dhis-ncd-db		16		62 GB		948.73 GB				RAID 1	Ubuntu Linux (64-bit)		Open Source				Open source											Accept			0000-00-00	Accept		Approved & Deployed	Younus Jamil Rana	Kazi Fabliha Tasnim	Sukhendu Shekhor Roy	Zulfiker Ali	dhis-ncd-db	NNS Solution ltd		172.16.18.108	0000-00-00		0000-00-00							\N
87	MIS,DGHS	127	0	0		TB Gate, Mohakhali, Dhaka	+880 1819-239241	hannan.khan@hispbd.org	Abdul Hannan Khan		Hisp team lead		\N	\N	\N	\N																	Production	Powered On	ai-lab		16		32 GB		238.3 GB				RAID 1	Ubuntu Linux (64-bit)		Open Source				Open source											Accept			0000-00-00	Accept		Approved & Deployed	Younus Jamil Rana	Kazi Fabliha Tasnim	Sukhendu Shekhor Roy	Zulfiker Ali	ai-lab	NNS Solution ltd		172.16.18.116	0000-00-00		0000-00-00							\N
88		127	0	0							Hisp team lead		\N	\N	\N	\N																	Production	Powered On	dhis2-training		16		64 GB		676.23 GB				RAID 1	Ubuntu Linux (64-bit)		Open Source				Open source											Accept			0000-00-00	Accept		Approved & Deployed	Younus Jamil Rana	Kazi Fabliha Tasnim	Sukhendu Shekhor Roy	Zulfiker Ali	dhis2-training	NNS Solution ltd		172.16.17.72	0000-00-00		0000-00-00							\N
89	MIS,DGHS	127	0	0		TB Gate, Mohakhali, Dhaka	+880 1819-239241	hannan.khan@hispbd.org	Abdul Hannan Khan		Hisp team lead		\N	\N	\N	\N																	Production	Powered On	cbe-tracker-db		16		64 GB		1.17 TB				RAID 0	Ubuntu Linux (64-bit)		Open Source				Open source											Accept			0000-00-00	Accept		Approved & Deployed	Younus Jamil Rana	Kazi Fabliha Tasnim	Sukhendu Shekhor Roy	Zulfiker Ali	cbe-tracker-db	NNS Solution ltd		172.16.18.74	0000-00-00		0000-00-00							\N
90	MIS,DGHS	127	0	0		TB Gate, Mohakhali, Dhaka	+880 1819-239241	hannan.khan@hispbd.org	Abdul Hannan Khan		Hisp team lead		\N	\N	\N	\N																	Production	Powered On	cbe-tracker		16		64 GB		1.17 TB				RAID 1	Ubuntu Linux (64-bit)		Open Source				Open source											Accept			0000-00-00	Accept		Approved & Deployed	Younus Jamil Rana	Kazi Fabliha Tasnim	Sukhendu Shekhor Roy	Zulfiker Ali	cbe-tracker	NNS Solution ltd		172.16.18.77	0000-00-00		0000-00-00							\N
91	mPower Social Enterprises Ltd.	127	0	0		Nur Empori (Level-10) | House#77 | B#M | R#11 | Banani | Dhaka-1213 |	+88 01793544563	amsaif@mpower-social.com	A.M.Saif	Application	Project Manager	+88 01793544563	\N	\N	\N	\N																	Production	Powered On	cbhc-prod.dghs.gov.bd		16		16 GB		1.68 TB				RAID 1	CentOS 6 (64-bit)		Open Source				Open source											Accept			0000-00-00	Accept		Approved & Deployed	Younus Jamil Rana	Kazi Fabliha Tasnim	Sukhendu Shekhor Roy	Zulfiker Ali	cbhc-prod.dghs.gov.bd	NNS Solution ltd		172.16.17.50	0000-00-00		0000-00-00							\N
92		127	0	0									\N	\N	\N	\N																	Production	Powered Off	dghsapp-new		16		32 GB		235.92 GB				RAID 0	CentOS 7 (64-bit)		Open Source				Open source											Accept			0000-00-00	Accept		Approved & Deployed	Younus Jamil Rana	Kazi Fabliha Tasnim	Sukhendu Shekhor Roy	Zulfiker Ali	dghsapp-new	NNS Solution ltd			0000-00-00		0000-00-00							\N
93	MIS,DGHS	127	0	0		TB Gate, Mohakhali, Dhaka	+880 1719-235897	rajibpaul@mis.dghs.gov.bd	Rajib Paul		Consultant	+880 1719-235897	\N	\N	\N	\N																	Production	Powered Off	dghs-web1		16		32 GB		532.71 GB				RAID 1	CentOS 7 (64-bit)		Open Source				Open source											Accept			0000-00-00	Accept		Approved & Deployed	Younus Jamil Rana	Kazi Fabliha Tasnim	Sukhendu Shekhor Roy	Zulfiker Ali	dghs-web1	NNS Solution ltd		172.16.17.11	0000-00-00		0000-00-00							\N
94	MIS,DGHS	127	0	0		TB Gate, Mohakhali, Dhaka	+880 1719-235897	rajibpaul@mis.dghs.gov.bd	Rajib Paul		Consultant	+880 1719-235897	\N	\N	\N	\N																	Production	Powered Off	dghs-web1		16		32 GB		532.68 GB				RAID 1	CentOS 7 (64-bit)		Open Source				Open source											Accept			0000-00-00	Accept		Approved & Deployed	Younus Jamil Rana	Kazi Fabliha Tasnim	Sukhendu Shekhor Roy	Zulfiker Ali	dghs-web1	NNS Solution ltd			0000-00-00		0000-00-00							\N
95		127	0	0									\N	\N	\N	\N																	Production	Powered On	dhis2-etracker		16		128 GB		712.57 GB				RAID 1	Microsoft Windows Server 2012 (64-bit)		Open Source				Open source											Accept			0000-00-00	Accept		Approved & Deployed	Younus Jamil Rana	Kazi Fabliha Tasnim	Sukhendu Shekhor Roy	Zulfiker Ali	dhis2-etracker	NNS Solution ltd		172.16.17.59	0000-00-00		0000-00-00							\N
96	mPower Social Enterprises Ltd.	127	0	0		Nur Empori (Level-10) | House#77 | B#M | R#11 | Banani | Dhaka-1213 |	+88 01793544563	amsaif@mpower-social.com	A.M.Saif	Application	Project Manager	+88 01793544563	\N	\N	\N	\N																	Production	Powered On	prima-cbhc-prod.dghs.gov.bd		16		16 GB		1.68 TB				RAID 0	CentOS 6 (64-bit)		Open Source				Open source											Accept			0000-00-00	Accept		Approved & Deployed	Younus Jamil Rana	Kazi Fabliha Tasnim	Sukhendu Shekhor Roy	Zulfiker Ali	prima-cbhc-prod.dghs.gov.bd	NNS Solution ltd		172.16.17.96	0000-00-00		0000-00-00							\N
97	mPower Social Enterprises Ltd.	127	0	0		Nur Empori (Level-10) | House#77 | B#M | R#11 | Banani | Dhaka-1213 |	+88 01793544563	amsaif@mpower-social.com	A.M.Saif	Application	Project Manager	+88 01793544563	\N	\N	\N	\N																	Production	Powered On	vaxepidbserver3		16		96 GB		1.17 TB				RAID 1	Rocky Linux (64-bit)		Open Source				Open source											Accept			0000-00-00	Accept		Approved & Deployed	Younus Jamil Rana	Kazi Fabliha Tasnim	Sukhendu Shekhor Roy	Zulfiker Ali	vaxepidbserver3	NNS Solution ltd		172.16.18.100	0000-00-00		0000-00-00							\N
98	mPower Social Enterprises Ltd.	127	0	0		Nur Empori (Level-10) | House#77 | B#M | R#11 | Banani | Dhaka-1213 |	+88 01793544563	amsaif@mpower-social.com	A.M.Saif	Application	Project Manager	+88 01793544563	\N	\N	\N	\N																	Production	Powered On	vaxepidbserver4		16		96 GB		1.17 TB				RAID 1	Rocky Linux (64-bit)		Open Source				Open source											Accept			0000-00-00	Accept		Approved & Deployed	Younus Jamil Rana	Kazi Fabliha Tasnim	Sukhendu Shekhor Roy	Zulfiker Ali	vaxepidbserver4	NNS Solution ltd		172.16.18.101	0000-00-00		0000-00-00							\N
99	MIS, DGHS	127	0	0		TB Gate, Mohakhali, Dhaka	01719235897	rajibpaul@mis.dghs.gov.bd	Rajib Paul	mis, DGHS	Consultant	01719235897	\N	\N	\N	\N																	Production	Powered On	DGHS-ATTENDENCE		15		32 GB		416.79 GB				RAID 0	Microsoft Windows Server 2012 (64-bit)		Open Source				Open source											Accept			0000-00-00	Accept		Approved & Deployed	Younus Jamil Rana	Kazi Fabliha Tasnim	Sukhendu Shekhor Roy	Zulfiker Ali	DGHS-ATTENDENCE	NNS Solution ltd		172.16.17.203	0000-00-00		0000-00-00							\N
100		127	0	0									\N	\N	\N	\N																	Production	Powered On	attendance.dghs.gov.bd		12		24 GB		424.36 GB				RAID 1	CentOS 7 (64-bit)		Open Source				Open source											Accept			0000-00-00	Accept		Approved & Deployed	Younus Jamil Rana	Kazi Fabliha Tasnim	Sukhendu Shekhor Roy	Zulfiker Ali	attendance.dghs.gov.bd	NNS Solution ltd		172.16.17.157	0000-00-00		0000-00-00							\N
101		127	0	0									\N	\N	\N	\N																	Production	Powered On	dghs-app.dghs.gov.bd		12		32 GB		272.43 GB				RAID 1	CentOS 6 (64-bit)		Open Source				Open source											Accept			0000-00-00	Accept		Approved & Deployed	Younus Jamil Rana	Kazi Fabliha Tasnim	Sukhendu Shekhor Roy	Zulfiker Ali	dghs-app.dghs.gov.bd	NNS Solution ltd		103.247.238.111	0000-00-00		0000-00-00							\N
102	MIS, DGHS	127	0	0		TB Gate, Mohakhali, Dhaka	01719235897	rajibpaul@mis.dghs.gov.bd	Rajib Paul	mis, DGHS	Consultant	01719235897	\N	\N	\N	\N																	Production	Powered On	attendance.dghs.gov.bd		12		24 GB		537.42 GB				RAID 1	CentOS 7 (64-bit)		Open Source				Open source											Accept			0000-00-00	Accept		Approved & Deployed	Younus Jamil Rana	Kazi Fabliha Tasnim	Sukhendu Shekhor Roy	Zulfiker Ali	attendance.dghs.gov.bd	NNS Solution ltd		103.247.238.92	0000-00-00		0000-00-00							\N
103	MIS, DGHS	127	0	99		TB Gate, Mohakhali, Dhaka	1746638483	raihan@activationltd.com	Raihan Sikder		CEO (Activition)	1711731891	\N	\N	\N	\N																	Production	Powered On	report-server		12		32 GB		462.53 GB				RAID 0	CentOS 6 (64-bit)		Open Source				Open source											Accept			0000-00-00	Accept		Approved & Deployed	Younus Jamil Rana	Kazi Fabliha Tasnim	Sukhendu Shekhor Roy	Zulfiker Ali	report-server	NNS Solution ltd		172.16.17.63	0000-00-00		0000-00-00							\N
104	MIS, DGHS	127	0	99		TB Gate, Mohakhali, Dhaka	1746638483	raihan@activationltd.com	Raihan Sikder		CEO (Activition)	1711731891	\N	\N	\N	\N																	Production	Powered On	report-server		12		32 GB		462.68 GB				RAID 1	CentOS 6 (64-bit)		Open Source				Open source											Accept			0000-00-00	Accept		Approved & Deployed	Younus Jamil Rana	Kazi Fabliha Tasnim	Sukhendu Shekhor Roy	Zulfiker Ali	report-server	NNS Solution ltd		172.16.17.253	0000-00-00		0000-00-00							\N
105		127	0	0									\N	\N	\N	\N																	Production	Powered On	winsvr-02		12		16 GB		318.98 GB				RAID 1	Microsoft Windows Server 2008 (64-bit)		Open Source				Open source											Accept			0000-00-00	Accept		Approved & Deployed	Younus Jamil Rana	Kazi Fabliha Tasnim	Sukhendu Shekhor Roy	Zulfiker Ali	winsvr-02	NNS Solution ltd		103.247.238.109	0000-00-00		0000-00-00							\N
106	MIS,DGHS	127	0	0		TB Gate, Mohakhali, Dhaka	01714-005887	asif@head-blocks.com	Asif Atick		It Consultant	01714-005887	\N	\N	\N	\N																	Production	Powered On	k8s-agent-4		8		16 GB		320.37 GB				RAID 0	Ubuntu Linux (64-bit)		Open Source				Open source											Accept			0000-00-00	Accept		Approved & Deployed	Younus Jamil Rana	Kazi Fabliha Tasnim	Sukhendu Shekhor Roy	Zulfiker Ali	k8s-agent-4	NNS Solution ltd		172.16.17.186	0000-00-00		0000-00-00							\N
107	MIS,DGHS	127	0	0		TB Gate, Mohakhali, Dhaka	01737230847	riaz.somc@mis.dghs.gov.bd	Dr. B. M. Riazul Islam		Deputy Chief (Medical) 	01737230847	\N	\N	\N	\N																	Production	Powered On	dhis2-control-room		8		20 GB		224.3 GB				RAID 1	Ubuntu Linux (64-bit)		Open Source				Open source											Accept			0000-00-00	Accept		Approved & Deployed	Younus Jamil Rana	Kazi Fabliha Tasnim	Sukhendu Shekhor Roy	Zulfiker Ali	dhis2-control-room	NNS Solution ltd		172.16.17.120	0000-00-00		0000-00-00							\N
108	MIS,DGHS	127	0	0		TB Gate, Mohakhali, Dhaka	01715121973	sofordar@mis.dghs.gov.bd	Dr. Md. Zahidul Islam	mis, DGHS	DPM, e Health	01715121973	\N	\N	\N	\N																	Production	Powered On	dhis2-leprosy		8		16 GB		285.16 GB				RAID 1	Ubuntu Linux (64-bit)		Open Source				Open source											Accept			0000-00-00	Accept		Approved & Deployed	Younus Jamil Rana	Kazi Fabliha Tasnim	Sukhendu Shekhor Roy	Zulfiker Ali	dhis2-leprosy	NNS Solution ltd		172.16.17.133	0000-00-00		0000-00-00							\N
109		127	0	0									\N	\N	\N	\N																	Production	Powered On	etb-manager		8		32 GB		536.44 GB				RAID 1	CentOS 8 (64-bit)		Open Source				Open source											Accept			0000-00-00	Accept		Approved & Deployed	Younus Jamil Rana	Kazi Fabliha Tasnim	Sukhendu Shekhor Roy	Zulfiker Ali	etb-manager	NNS Solution ltd		172.16.17.124	0000-00-00		0000-00-00							\N
110		127	0	0									\N	\N	\N	\N																	Production	Powered Off	dhis2-tracker		8		32 GB		232.02 GB				RAID 0	Ubuntu Linux (64-bit)		Open Source				Open source											Accept			0000-00-00	Accept		Approved & Deployed	Younus Jamil Rana	Kazi Fabliha Tasnim	Sukhendu Shekhor Roy	Zulfiker Ali	dhis2-tracker	NNS Solution ltd			0000-00-00		0000-00-00							\N
111	MIS,DGHS	127	0	0		TB Gate, Mohakhali, Dhaka	01715121973	sofordar@mis.dghs.gov.bd	Dr. Md. Zahidul Islam	mis, DGHS	DPM, e Health	01715121973	\N	\N	\N	\N																	Production	Powered On	indoortracker-training		8		16 GB		320.83 GB				RAID 1	Ubuntu Linux (64-bit)		Open Source				Open source											Accept			0000-00-00	Accept		Approved & Deployed	Younus Jamil Rana	Kazi Fabliha Tasnim	Sukhendu Shekhor Roy	Zulfiker Ali	indoortracker-training	NNS Solution ltd		172.16.17.140	0000-00-00		0000-00-00							\N
112	MIS,DGHS	127	0	0		TB Gate, Mohakhali, Dhaka	01715121973	sofordar@mis.dghs.gov.bd	Dr. Md. Zahidul Islam	mis, DGHS	DPM, e Health	01715121973	\N	\N	\N	\N																	Production	Powered On			8		16 GB		423.96 GB				RAID 1	Ubuntu Linux (64-bit)		Open Source				Open source											Accept			0000-00-00	Accept		Approved & Deployed	Younus Jamil Rana	Kazi Fabliha Tasnim	Sukhendu Shekhor Roy	Zulfiker Ali		NNS Solution ltd			0000-00-00		0000-00-00							\N
113	mPower Social Enterprises Ltd.	127	0	0		Nur Empori (Level-10) | House#77 | B#M | R#11 | Banani | Dhaka-1213 |	+88 01793544563	amsaif@mpower-social.com	A.M.Saif	Application	Project Manager	+88 01793544563	\N	\N	\N	\N																	Production	Powered On	immunization-system		8		16 GB		836.31 GB				RAID 0	Ubuntu Linux (64-bit)		Open Source				Open source											Accept			0000-00-00	Accept		Approved & Deployed	Younus Jamil Rana	Kazi Fabliha Tasnim	Sukhendu Shekhor Roy	Zulfiker Ali	immunization-system	NNS Solution ltd		172.16.17.49	0000-00-00		0000-00-00							\N
114	mPower Social Enterprises Ltd.	127	0	0		Nur Empori (Level-10) | House#77 | B#M | R#11 | Banani | Dhaka-1213 |	+88 01793544563	amsaif@mpower-social.com	A.M.Saif	Application	Project Manager	+88 01793544563	\N	\N	\N	\N	amsaif@mpower-social.com																Production	Powered On	immunization-system		8		16 GB		841.37 GB				RAID 1	Ubuntu Linux (64-bit)		Open Source				Open source											Accept			0000-00-00	Accept		Approved & Deployed	Younus Jamil Rana	Kazi Fabliha Tasnim	Sukhendu Shekhor Roy	Zulfiker Ali	immunization-system	NNS Solution ltd		172.16.17.142	0000-00-00		0000-00-00							\N
115	mPower Social Enterprises Ltd.	127	0	0		Nur Empori (Level-10) | House#77 | B#M | R#11 | Banani | Dhaka-1213 |	+88 01793544563	amsaif@mpower-social.com	A.M.Saif	Application	Project Manager	+88 01793544563	\N	\N	\N	\N	amsaif@mpower-social.com																Production	Powered On	immunization-system		8		16 GB		836.28 GB				RAID 1	Ubuntu Linux (64-bit)		Open Source				Open source											Accept			0000-00-00	Accept		Approved & Deployed	Younus Jamil Rana	Kazi Fabliha Tasnim	Sukhendu Shekhor Roy	Zulfiker Ali	immunization-system	NNS Solution ltd		172.16.17.153	0000-00-00		0000-00-00							\N
116		127	0	0									\N	\N	\N	\N																	Production	Powered On	nvac.elearning.dghs.gov.bd		8		16 GB		320.24 GB				RAID 1	Ubuntu Linux (64-bit)		Open Source				Open source											Accept			0000-00-00	Accept		Approved & Deployed	Younus Jamil Rana	Kazi Fabliha Tasnim	Sukhendu Shekhor Roy	Zulfiker Ali	nvac.elearning.dghs.gov.bd	NNS Solution ltd		172.16.17.117	0000-00-00		0000-00-00							\N
117	mPower Social Enterprises Ltd.	127	0	0		Nur Empori (Level-10) | House#77 | B#M | R#11 | Banani | Dhaka-1213 |	+88 01793544563	amsaif@mpower-social.com	A.M.Saif	Application	Project Manager	+88 01793544563	\N	\N	\N	\N																	Production	Powered On	opsrp-bcc		8		8 GB		816.49 GB				RAID 0	Ubuntu Linux (64-bit)		Open Source				Open source											Accept			0000-00-00	Accept		Approved & Deployed	Younus Jamil Rana	Kazi Fabliha Tasnim	Sukhendu Shekhor Roy	Zulfiker Ali	opsrp-bcc	NNS Solution ltd		172.16.17.158	0000-00-00		0000-00-00							\N
118		127	0	0									\N	\N	\N	\N																	Production	Powered On	opsrp-track		8		16 GB		422.35 GB				RAID 1	Ubuntu Linux (64-bit)		Open Source				Open source											Accept			0000-00-00	Accept		Approved & Deployed	Younus Jamil Rana	Kazi Fabliha Tasnim	Sukhendu Shekhor Roy	Zulfiker Ali	opsrp-track	NNS Solution ltd		172.16.17.162	0000-00-00		0000-00-00							\N
119		127	0	0									\N	\N	\N	\N																	Production	Powered On	rnd-vm		8		12 GB		256.08 GB				RAID 1	Ubuntu Linux (64-bit)		Open Source				Open source											Accept			0000-00-00	Accept		Approved & Deployed	Younus Jamil Rana	Kazi Fabliha Tasnim	Sukhendu Shekhor Roy	Zulfiker Ali	rnd-vm	NNS Solution ltd		172.16.17.38	0000-00-00		0000-00-00							\N
120	MIS,DGHS	127	0	0		TB Gate, Mohakhali, Dhaka	01714-005887	asif@head-blocks.com	Asif Atick		It Consultant	01714-005887	\N	\N	\N	\N																	Production	Powered On	shared-hr01		8		16 GB		224.08 GB				RAID 0	Ubuntu Linux (64-bit)		Open Source				Open source											Accept			0000-00-00	Accept		Approved & Deployed	Younus Jamil Rana	Kazi Fabliha Tasnim	Sukhendu Shekhor Roy	Zulfiker Ali	shared-hr01	NNS Solution ltd		172.16.17.144	0000-00-00		0000-00-00							\N
121	MIS,DGHS	127	0	0		TB Gate, Mohakhali, Dhaka	01714-005887	asif@head-blocks.com	Asif Atick		It Consultant	01714-005887	\N	\N	\N	\N																	Production	Powered On	shared-hr02		8		16 GB		220.31 GB				RAID 1	Ubuntu Linux (64-bit)		Open Source				Open source											Accept			0000-00-00	Accept		Approved & Deployed	Younus Jamil Rana	Kazi Fabliha Tasnim	Sukhendu Shekhor Roy	Zulfiker Ali	shared-hr02	NNS Solution ltd		172.16.17.145	0000-00-00		0000-00-00							\N
122	MIS,DGHS	127	0	0		TB Gate, Mohakhali, Dhaka	01714-005887	asif@head-blocks.com	Asif Atick		It Consultant	01714-005887	\N	\N	\N	\N																	Production	Powered On	k8s-master-1		8		16 GB		586.15 GB				RAID 1	Ubuntu Linux (64-bit)		Open Source				Open source											Accept			0000-00-00	Accept		Approved & Deployed	Younus Jamil Rana	Kazi Fabliha Tasnim	Sukhendu Shekhor Roy	Zulfiker Ali	k8s-master-1	NNS Solution ltd		172.16.17.190	0000-00-00		0000-00-00							\N
123	MIS,DGHS	127	0	0		TB Gate, Mohakhali, Dhaka	01737230847	riaz.somc@mis.dghs.gov.bd	Dr. B. M. Riazul Islam		Deputy Chief (Medical) 	01737230847	\N	\N	\N	\N																	Production	Powered On	indoor-tracker-db		8		16 GB		221.77 GB				RAID 1	Ubuntu Linux (64-bit)		Open Source				Open source											Accept			0000-00-00	Accept		Approved & Deployed	Younus Jamil Rana	Kazi Fabliha Tasnim	Sukhendu Shekhor Roy	Zulfiker Ali	indoor-tracker-db	NNS Solution ltd		172.16.17.135	0000-00-00		0000-00-00							\N
124	MIS,DGHS	127	0	0			1924400837	farah.obaid@synesisit.com.bd	Irfan hossain				\N	\N	\N	\N																	Production	Powered On	presc-module		8		16 GB		1 TB				RAID 0	Ubuntu Linux (64-bit)		Open Source				Open source											Accept			0000-00-00	Accept		Approved & Deployed	Younus Jamil Rana	Kazi Fabliha Tasnim	Sukhendu Shekhor Roy	Zulfiker Ali	presc-module	NNS Solution ltd		172.16.17.187	0000-00-00		0000-00-00							\N
125	MIS, DGHS	127	0	99		TB Gate, Mohakhali, Dhaka	1746638483	raihan@activationltd.com	Raihan Sikder		CEO (Activition)	1711731891	\N	\N	\N	\N																	Production	Powered On	hrm-db		8		16 GB		419.36 GB				RAID 1	Ubuntu Linux (64-bit)		Open Source				Open source											Accept			0000-00-00	Accept		Approved & Deployed	Younus Jamil Rana	Kazi Fabliha Tasnim	Sukhendu Shekhor Roy	Zulfiker Ali	hrm-db	NNS Solution ltd		172.16.17.161	0000-00-00		0000-00-00							\N
126	mPower Social Enterprises Ltd.	127	0	0		Nur Empori (Level-10) | House#77 | B#M | R#11 | Banani | Dhaka-1213 |	+88 01793544563	amsaif@mpower-social.com	A.M.Saif	Application	Project Manager	+88 01793544563	\N	\N	\N	\N																	Production	Powered On	vaxepiapinode1		8		16 GB		227.64 GB				RAID 1	Ubuntu Linux (64-bit)		Open Source				Open source											Accept			0000-00-00	Accept		Approved & Deployed	Younus Jamil Rana	Kazi Fabliha Tasnim	Sukhendu Shekhor Roy	Zulfiker Ali	vaxepiapinode1	NNS Solution ltd		172.16.17.168	0000-00-00		0000-00-00							\N
127	mPower Social Enterprises Ltd.	127	0	0		Nur Empori (Level-10) | House#77 | B#M | R#11 | Banani | Dhaka-1213 |	+88 01793544563	amsaif@mpower-social.com	A.M.Saif	Application	Project Manager	+88 01793544563	\N	\N	\N	\N																	Production	Powered On	vaxepiapinode2		8		16 GB		330.25 GB				RAID 0	Ubuntu Linux (64-bit)		Open Source				Open source											Accept			0000-00-00	Accept		Approved & Deployed	Younus Jamil Rana	Kazi Fabliha Tasnim	Sukhendu Shekhor Roy	Zulfiker Ali	vaxepiapinode2	NNS Solution ltd		172.16.17.169	0000-00-00		0000-00-00							\N
128	mPower Social Enterprises Ltd.	127	0	0		Nur Empori (Level-10) | House#77 | B#M | R#11 | Banani | Dhaka-1213 |	+88 01793544563	amsaif@mpower-social.com	A.M.Saif	Application	Project Manager	+88 01793544563	\N	\N	\N	\N																	Production	Powered On	vaxepivaxcardnode1		8		8 GB		120.3 GB				RAID 1	Ubuntu Linux (64-bit)		Open Source				Open source											Accept			0000-00-00	Accept		Approved & Deployed	Younus Jamil Rana	Kazi Fabliha Tasnim	Sukhendu Shekhor Roy	Zulfiker Ali	vaxepivaxcardnode1	NNS Solution ltd		172.16.17.170	0000-00-00		0000-00-00							\N
129	mPower Social Enterprises Ltd.	127	0	0		Nur Empori (Level-10) | House#77 | B#M | R#11 | Banani | Dhaka-1213 |	+88 01793544563	amsaif@mpower-social.com	A.M.Saif	Application	Project Manager	+88 01793544563	\N	\N	\N	\N																	Production	Powered On	vaxepivaxcardnode2		8		8 GB		118.32 GB				RAID 1	Ubuntu Linux (64-bit)		Open Source				Open source											Accept			0000-00-00	Accept		Approved & Deployed	Younus Jamil Rana	Kazi Fabliha Tasnim	Sukhendu Shekhor Roy	Zulfiker Ali	vaxepivaxcardnode2	NNS Solution ltd		172.16.17.171	0000-00-00		0000-00-00							\N
130	mPower Social Enterprises Ltd.	127	0	0		Nur Empori (Level-10) | House#77 | B#M | R#11 | Banani | Dhaka-1213 |	+88 01793544563	amsaif@mpower-social.com	A.M.Saif	Application	Project Manager	+88 01793544563	\N	\N	\N	\N																	Production	Powered Off	WIN-VV5OS9003HN		8		16 GB		416.37 GB				RAID 1	Microsoft Windows Server 2019 (64-bit)		Open Source				Open source											Accept			0000-00-00	Accept		Approved & Deployed	Younus Jamil Rana	Kazi Fabliha Tasnim	Sukhendu Shekhor Roy	Zulfiker Ali	WIN-VV5OS9003HN	NNS Solution ltd			0000-00-00		0000-00-00							\N
131	mPower Social Enterprises Ltd.	127	0	0		Nur Empori (Level-10) | House#77 | B#M | R#11 | Banani | Dhaka-1213 |	+88 01793544563	amsaif@mpower-social.com	A.M.Saif	Application	Project Manager	+88 01793544563	\N	\N	\N	\N																	Production	Powered On	vaxepidbrouter1		8		16 GB		327.76 GB				RAID 0	Other Linux (64-bit)		Open Source				Open source											Accept			0000-00-00	Accept		Approved & Deployed	Younus Jamil Rana	Kazi Fabliha Tasnim	Sukhendu Shekhor Roy	Zulfiker Ali	vaxepidbrouter1	NNS Solution ltd		172.16.18.174	0000-00-00		0000-00-00							\N
132	mPower Social Enterprises Ltd.	127	0	0		Nur Empori (Level-10) | House#77 | B#M | R#11 | Banani | Dhaka-1213 |	+88 01793544563	amsaif@mpower-social.com	A.M.Saif	Application	Project Manager	+88 01793544563	\N	\N	\N	\N																	Production	Powered On	vaxepilbproxy2		8		16 GB		120.55 GB				RAID 1	Ubuntu Linux (64-bit)		Open Source				Open source											Accept			0000-00-00	Accept		Approved & Deployed	Younus Jamil Rana	Kazi Fabliha Tasnim	Sukhendu Shekhor Roy	Zulfiker Ali	vaxepilbproxy2	NNS Solution ltd		172.16.17.165	0000-00-00		0000-00-00							\N
133	MIS,DGHS	127	0	0		TB Gate, Mohakhali, Dhaka	01737230847	riaz.somc@mis.dghs.gov.bd	Dr. B. M. Riazul Islam		Deputy Chief (Medical) 	01737230847	\N	\N	\N	\N																	Production	Powered Off	conference.dghs.gov.bd		8		16 GB		222.2 GB				RAID 1	Ubuntu Linux (64-bit)		Open Source				Open source											Accept			0000-00-00	Accept		Approved & Deployed	Younus Jamil Rana	Kazi Fabliha Tasnim	Sukhendu Shekhor Roy	Zulfiker Ali	conference.dghs.gov.bd	NNS Solution ltd			0000-00-00		0000-00-00							\N
134	MIS,DGHS	127	0	0		TB Gate, Mohakhali, Dhaka	01737230847	riaz.somc@mis.dghs.gov.bd	Dr. B. M. Riazul Islam		Deputy Chief (Medical) 	01737230847	\N	\N	\N	\N																	Production	Powered On	central-orgunits		8		16 GB		221.17 GB				RAID 0	Ubuntu Linux (64-bit)		Open Source				Open source											Accept			0000-00-00	Accept		Approved & Deployed	Younus Jamil Rana	Kazi Fabliha Tasnim	Sukhendu Shekhor Roy	Zulfiker Ali	central-orgunits	NNS Solution ltd		172.16.17.130	0000-00-00		0000-00-00							\N
135	mPower Social Enterprises Ltd.	127	0	0		Nur Empori (Level-10) | House#77 | B#M | R#11 | Banani | Dhaka-1213 |	+88 01793544563	amsaif@mpower-social.com	A.M.Saif	Application	Project Manager	+88 01793544563	\N	\N	\N	\N																	Production	Powered On	dhis2-tracker		8		32 GB		332.13 GB				RAID 1	Ubuntu Linux (64-bit)		Open Source				Open source											Accept			0000-00-00	Accept		Approved & Deployed	Younus Jamil Rana	Kazi Fabliha Tasnim	Sukhendu Shekhor Roy	Zulfiker Ali	dhis2-tracker	NNS Solution ltd		172.16.17.236	0000-00-00		0000-00-00							\N
136		127	0	0									\N	\N	\N	\N																	Production	Powered On	ba-system		8		16 GB		820.66 GB				RAID 1	Ubuntu Linux (64-bit)		Open Source				Open source											Accept			0000-00-00	Accept		Approved & Deployed	Younus Jamil Rana	Kazi Fabliha Tasnim	Sukhendu Shekhor Roy	Zulfiker Ali	ba-system	NNS Solution ltd		172.16.17.152	0000-00-00		0000-00-00							\N
137		127	0	0									\N	\N	\N	\N																	Production	Powered On	cr-app-clone		8		32 GB		897 GB				RAID 1	Ubuntu Linux (64-bit)		Open Source				Open source											Accept			0000-00-00	Accept		Approved & Deployed	Younus Jamil Rana	Kazi Fabliha Tasnim	Sukhendu Shekhor Roy	Zulfiker Ali	cr-app-clone	NNS Solution ltd		172.16.17.148	0000-00-00		0000-00-00							\N
138	MIS,DGHS	127	0	0		TB Gate, Mohakhali, Dhaka	+880 1819-239241	hannan.khan@hispbd.org	Abdul Hannan Khan				\N	\N	\N	\N																	Production	Powered On	dhis-cervical-app		8		32 GB		432.58 GB				RAID 0	Ubuntu Linux (64-bit)		Open Source				Open source											Accept			0000-00-00	Accept		Approved & Deployed	Younus Jamil Rana	Kazi Fabliha Tasnim	Sukhendu Shekhor Roy	Zulfiker Ali	dhis-cervical-app	NNS Solution ltd		172.16.17.107	0000-00-00		0000-00-00							\N
139	MIS,DGHS	127	0	0		TB Gate, Mohakhali, Dhaka	+880 1819-239241	hannan.khan@hispbd.org	Abdul Hannan Khan				\N	\N	\N	\N																	Production	Powered On	dhis-cr-app		8		32 GB		1.89 TB				RAID 1	Ubuntu Linux (64-bit)		Open Source				Open source											Accept			0000-00-00	Accept		Approved & Deployed	Younus Jamil Rana	Kazi Fabliha Tasnim	Sukhendu Shekhor Roy	Zulfiker Ali	dhis-cr-app	NNS Solution ltd		103.247.238.81	0000-00-00		0000-00-00							\N
140	mPower Social Enterprises Ltd.	127	0	0		Nur Empori (Level-10) | House#77 | B#M | R#11 | Banani | Dhaka-1213 |	+88 01793544563	amsaif@mpower-social.com	A.M.Saif	Application	Project Manager	+88 01793544563	\N	\N	\N	\N	amsaif@mpower-social.com																Production	Powered On	imm-track-db		8		16 GB		1.21 TB				RAID 1	Ubuntu Linux (64-bit)		Open Source				Open source											Accept			0000-00-00	Accept		Approved & Deployed	Younus Jamil Rana	Kazi Fabliha Tasnim	Sukhendu Shekhor Roy	Zulfiker Ali	imm-track-db	NNS Solution ltd		172.16.17.67	0000-00-00		0000-00-00							\N
141	MIS,DGHS	127	0	0		TB Gate, Mohakhali, Dhaka	+880 1819-239241	hannan.khan@hispbd.org	Abdul Hannan Khan				\N	\N	\N	\N																	Production	Powered On	dhis-ncd-app		8		32 GB		436.53 GB				RAID 0	Ubuntu Linux (64-bit)		Open Source				Open source											Accept			0000-00-00	Accept		Approved & Deployed	Younus Jamil Rana	Kazi Fabliha Tasnim	Sukhendu Shekhor Roy	Zulfiker Ali	dhis-ncd-app	NNS Solution ltd		172.16.17.108	0000-00-00		0000-00-00							\N
142	MIS,DGHS	127	0	0		TB Gate, Mohakhali, Dhaka	+880 1819-239241	hannan.khan@hispbd.org	Abdul Hannan Khan				\N	\N	\N	\N																	Production	Powered On	dhis2-cc-db		8		16 GB		758.65 GB				RAID 1	Ubuntu Linux (64-bit)		Open Source				Open source											Accept			0000-00-00	Accept		Approved & Deployed	Younus Jamil Rana	Kazi Fabliha Tasnim	Sukhendu Shekhor Roy	Zulfiker Ali	dhis2-cc-db	NNS Solution ltd		172.16.17.73	0000-00-00		0000-00-00							\N
143	MIS,DGHS	127	0	0		TB Gate, Mohakhali, Dhaka	+880 1819-239241	hannan.khan@hispbd.org	Abdul Hannan Khan				\N	\N	\N	\N																	Production	Powered On	dhis2-malaria		8		16 GB		520.52 GB				RAID 1	Ubuntu Linux (64-bit)		Open Source				Open source											Accept			0000-00-00	Accept		Approved & Deployed	Younus Jamil Rana	Kazi Fabliha Tasnim	Sukhendu Shekhor Roy	Zulfiker Ali	dhis2-malaria	NNS Solution ltd		172.16.17.81	0000-00-00		0000-00-00							\N
144	MIS,DGHS	127	0	0		TB Gate, Mohakhali, Dhaka	+880 1819-239241	hannan.khan@hispbd.org	Abdul Hannan Khan				\N	\N	\N	\N																	Production	Powered On	cbe-tracker-app		8		32 GB		284.56 GB				RAID 1	Ubuntu Linux (64-bit)		Open Source				Open source											Accept			0000-00-00	Accept		Approved & Deployed	Younus Jamil Rana	Kazi Fabliha Tasnim	Sukhendu Shekhor Roy	Zulfiker Ali	cbe-tracker-app	NNS Solution ltd		172.16.17.74	0000-00-00		0000-00-00							\N
145	MIS,DGHS	127	0	0		TB Gate, Mohakhali, Dhaka	+880 1819-239241	hannan.khan@hispbd.org	Abdul Hannan Khan				\N	\N	\N	\N																	Production	Powered On	dhis2-training2		8		16 GB		529.76 GB				RAID 0	Ubuntu Linux (64-bit)		Open Source				Open source											Accept			0000-00-00	Accept		Approved & Deployed	Younus Jamil Rana	Kazi Fabliha Tasnim	Sukhendu Shekhor Roy	Zulfiker Ali	dhis2-training2	NNS Solution ltd		172.16.17.28	0000-00-00		0000-00-00							\N
146	mPower Social Enterprises Ltd.	127	0	0		Nur Empori (Level-10) | House#77 | B#M | R#11 | Banani | Dhaka-1213 |	+88 01793544563	amsaif@mpower-social.com	A.M.Saif	Application	Project Manager	+88 01793544563	\N	\N	\N	\N																	Production	Powered On	cbhc-prod2		8		16 GB		536.26 GB				RAID 1	Ubuntu Linux (64-bit)		Open Source				Open source											Accept			0000-00-00	Accept		Approved & Deployed	Younus Jamil Rana	Kazi Fabliha Tasnim	Sukhendu Shekhor Roy	Zulfiker Ali	cbhc-prod2	NNS Solution ltd		172.16.17.64	0000-00-00		0000-00-00							\N
147		127	0	0									\N	\N	\N	\N																	Production	Powered On	central-dashboard		8		16 GB		1.21 TB				RAID 1	Ubuntu Linux (64-bit)		Open Source				Open source											Accept			0000-00-00	Accept		Approved & Deployed	Younus Jamil Rana	Kazi Fabliha Tasnim	Sukhendu Shekhor Roy	Zulfiker Ali	central-dashboard	NNS Solution ltd		172.16.17.141	0000-00-00		0000-00-00							\N
148	MIS, DGHS	127	0	99		TB Gate, Mohakhali, Dhaka	1746638483	raihan@activationltd.com	Raihan Sikder		CEO (Activition)	1711731891	\N	\N	\N	\N																	Production	Powered On	api.hrm.dghs.gov.bd		8		32 GB		457.75 GB				RAID 0	CentOS 6 (64-bit)		Open Source				Open source											Accept			0000-00-00	Accept		Approved & Deployed	Younus Jamil Rana	Kazi Fabliha Tasnim	Sukhendu Shekhor Roy	Zulfiker Ali	api.hrm.dghs.gov.bd	NNS Solution ltd		172.16.17.60	0000-00-00		0000-00-00							\N
149	MIS, DGHS	127	0	99		TB Gate, Mohakhali, Dhaka	1746638483	raihan@activationltd.com	Raihan Sikder		CEO (Activition)	1711731891	\N	\N	\N	\N																	Production	Powered Off	hris-training.mohfw.gov.bd		8		16 GB		220.08 GB				RAID 1	CentOS 4/5/6 (64-bit)		Open Source				Open source											Accept			0000-00-00	Accept		Approved & Deployed	Younus Jamil Rana	Kazi Fabliha Tasnim	Sukhendu Shekhor Roy	Zulfiker Ali	hris-training.mohfw.gov.bd	NNS Solution ltd			0000-00-00		0000-00-00							\N
150		127	0	0									\N	\N	\N	\N																	Production	Powered Off	rhis.dghs.gov.bd		8		16 GB		620.75 GB				RAID 1	CentOS 4/5/6 (64-bit)		Open Source				Open source											Accept			0000-00-00	Accept		Approved & Deployed	Younus Jamil Rana	Kazi Fabliha Tasnim	Sukhendu Shekhor Roy	Zulfiker Ali	rhis.dghs.gov.bd	NNS Solution ltd			0000-00-00		0000-00-00							\N
151	MIS,DGHS	127	0	0		TB Gate, Mohakhali, Dhaka	01322858228	riaz.somc@mis.dghs.gov.bd	Dr. B. M. Riazul Islam	HIU, MIS, DGHS	Deputy Chief (Medical)	01322858228	\N	\N	\N	\N																	Production	Powered On	mailportal.dghs.gov.bd		8		16 GB		2.02 TB				RAID 1	Ubuntu Linux (64-bit)		Open Source				Open source											Accept			0000-00-00	Accept		Approved & Deployed	Younus Jamil Rana	Kazi Fabliha Tasnim	Sukhendu Shekhor Roy	Zulfiker Ali	mailportal.dghs.gov.bd	NNS Solution ltd		172.16.18.117	0000-00-00		0000-00-00							\N
152	MIS,DGHS	127	0	0		TB Gate, Mohakhali, Dhaka	+880 1719-235897	rajibpaul@mis.dghs.gov.bd	Rajib Paul		Consultant	+880 1719-235897	\N	\N	\N	\N																	Production	Powered Off	otherweb.dghs.gov.bd		8		32 GB		480.81 GB				RAID 0	CentOS 4/5 (64-bit)		Open Source				Open source											Accept			0000-00-00	Accept		Approved & Deployed	Younus Jamil Rana	Kazi Fabliha Tasnim	Sukhendu Shekhor Roy	Zulfiker Ali	otherweb.dghs.gov.bd	NNS Solution ltd			0000-00-00		0000-00-00							\N
153	MIS,DGHS	127	0	0		TB Gate, Mohakhali, Dhaka	01322858228	riaz.somc@mis.dghs.gov.bd	Dr. B. M. Riazul Islam	HIU, MIS, DGHS	Deputy Chief (Medical)	01322858228	\N	\N	\N	\N																	Production	Powered On	proxy		8		16 GB		98.85 GB				RAID 1	Ubuntu Linux (64-bit)		Open Source				Open source											Accept			0000-00-00	Accept		Approved & Deployed	Younus Jamil Rana	Kazi Fabliha Tasnim	Sukhendu Shekhor Roy	Zulfiker Ali	proxy	NNS Solution ltd		172.16.17.91	0000-00-00		0000-00-00							\N
154		127	0	0									\N	\N	\N	\N																	Production	Powered On	HAEFA-Elearning		8		16 GB		211.51 GB				RAID 1	Microsoft Windows Server 2016 or later (64-bit)		Open Source				Open source											Accept			0000-00-00	Accept		Approved & Deployed	Younus Jamil Rana	Kazi Fabliha Tasnim	Sukhendu Shekhor Roy	Zulfiker Ali	HAEFA-Elearning	NNS Solution ltd		172.16.17.93	0000-00-00		0000-00-00							\N
155		127	0	0									\N	\N	\N	\N																	Production	Powered Off			8		16 GB		176.61 GB				RAID 0	CentOS 4/5/6 (64-bit)		Open Source				Open source											Accept			0000-00-00	Accept		Approved & Deployed	Younus Jamil Rana	Kazi Fabliha Tasnim	Sukhendu Shekhor Roy	Zulfiker Ali		NNS Solution ltd			0000-00-00		0000-00-00							\N
156		127	0	0									\N	\N	\N	\N																	Production	Powered On	new-tracker		8		23 GB		373.31 GB				RAID 1	Ubuntu Linux (64-bit)		Open Source				Open source											Accept			0000-00-00	Accept		Approved & Deployed	Younus Jamil Rana	Kazi Fabliha Tasnim	Sukhendu Shekhor Roy	Zulfiker Ali	new-tracker	NNS Solution ltd		172.16.18.120	0000-00-00		0000-00-00							\N
157		127	0	0									\N	\N	\N	\N																	Production	Powered On	ACR_WIN2K8		8		16 GB		516.49 GB				RAID 1	Microsoft Windows Server 2008 R2 (64-bit)		Open Source				Open source											Accept			0000-00-00	Accept		Approved & Deployed	Younus Jamil Rana	Kazi Fabliha Tasnim	Sukhendu Shekhor Roy	Zulfiker Ali	ACR_WIN2K8	NNS Solution ltd		103.247.238.72	0000-00-00		0000-00-00							\N
158		127	0	0									\N	\N	\N	\N																	Production	Powered On	etbmanager		8		32 GB		536.33 GB				RAID 1	CentOS 8 (64-bit)		Open Source				Open source											Accept			0000-00-00	Accept		Approved & Deployed	Younus Jamil Rana	Kazi Fabliha Tasnim	Sukhendu Shekhor Roy	Zulfiker Ali	etbmanager	NNS Solution ltd		172.16.17.44	0000-00-00		0000-00-00							\N
159	MIS, DGHS	127	0	99		TB Gate, Mohakhali, Dhaka	1746638483	raihan@activationltd.com	Raihan Sikder		CEO (Activition)	1711731891	\N	\N	\N	\N																	Production	Powered On	dghs-hrm-development		8		16 GB		2.46 TB				RAID 0	Ubuntu Linux (64-bit)		Open Source				Open source											Accept			0000-00-00	Accept		Approved & Deployed	Younus Jamil Rana	Kazi Fabliha Tasnim	Sukhendu Shekhor Roy	Zulfiker Ali	dghs-hrm-development	NNS Solution ltd		172.16.17.62	0000-00-00		0000-00-00							\N
160		127	0	0									\N	\N	\N	\N																	Production	Powered Off	hris.dgfp.mohfw.gov.bd		8		32 GB		552.94 GB				RAID 1	CentOS 6 (64-bit)		Open Source				Open source											Accept			0000-00-00	Accept		Approved & Deployed	Younus Jamil Rana	Kazi Fabliha Tasnim	Sukhendu Shekhor Roy	Zulfiker Ali	hris.dgfp.mohfw.gov.bd	NNS Solution ltd			0000-00-00		0000-00-00							\N
161	mPower Social Enterprises Ltd.	127	0	0		Nur Empori (Level-10) | House#77 | B#M | R#11 | Banani | Dhaka-1213 |	+88 01793544563	amsaif@mpower-social.com	A.M.Saif	Application	Project Manager	+88 01793544563	\N	\N	\N	\N																	Production	Powered On	imm-track-app		8		16 GB		820.53 GB				RAID 1	CentOS 6 (64-bit)		Open Source				Open source											Accept			0000-00-00	Accept		Approved & Deployed	Younus Jamil Rana	Kazi Fabliha Tasnim	Sukhendu Shekhor Roy	Zulfiker Ali	imm-track-app	NNS Solution ltd		172.16.17.97	0000-00-00		0000-00-00							\N
162		127	0	0									\N	\N	\N	\N																	Production	Powered Off	mail.egp.dghs.gov.bd		8		16 GB		1.98 TB				RAID 0	CentOS 7 (64-bit)		Open Source				Open source											Accept			0000-00-00	Accept		Approved & Deployed	Younus Jamil Rana	Kazi Fabliha Tasnim	Sukhendu Shekhor Roy	Zulfiker Ali	mail.egp.dghs.gov.bd	NNS Solution ltd			0000-00-00		0000-00-00							\N
163		127	0	0									\N	\N	\N	\N																	Production	Powered On	umph-project.dghs.gov.bd		8		32 GB		932.26 GB				RAID 1	CentOS 8 (64-bit)		Open Source				Open source											Accept			0000-00-00	Accept		Approved & Deployed	Younus Jamil Rana	Kazi Fabliha Tasnim	Sukhendu Shekhor Roy	Zulfiker Ali	umph-project.dghs.gov.bd	NNS Solution ltd		172.16.17.101	0000-00-00		0000-00-00							\N
164		127	0	0									\N	\N	\N	\N																	Production	Powered On	WIN2019-APP		8		16 GB		339.42 GB				RAID 1	Microsoft Windows Server 2016 or later (64-bit)		Open Source				Open source											Accept			0000-00-00	Accept		Approved & Deployed	Younus Jamil Rana	Kazi Fabliha Tasnim	Sukhendu Shekhor Roy	Zulfiker Ali	WIN2019-APP	NNS Solution ltd		103.247.238.123	0000-00-00		0000-00-00							\N
165		127	0	0									\N	\N	\N	\N																	Production	Powered On	WIN2019-DB		8		16 GB		379.54 GB				RAID 1	Microsoft Windows Server 2016 or later (64-bit)		Open Source				Open source											Accept			0000-00-00	Accept		Approved & Deployed	Younus Jamil Rana	Kazi Fabliha Tasnim	Sukhendu Shekhor Roy	Zulfiker Ali	WIN2019-DB	NNS Solution ltd		172.16.18.70	0000-00-00		0000-00-00							\N
166	MIS,DGHS	127	0	0		TB Gate, Mohakhali, Dhaka	01714-005887	asif@head-blocks.com	Asif Atick		It Consultant	01714-005887	\N	\N	\N	\N																	Production	Powered On	opmrs-training		8		16 GB		520.51 GB				RAID 0	CentOS 7 (64-bit)		Open Source				Open source											Accept			0000-00-00	Accept		Approved & Deployed	Younus Jamil Rana	Kazi Fabliha Tasnim	Sukhendu Shekhor Roy	Zulfiker Ali	opmrs-training	NNS Solution ltd		172.16.17.146	0000-00-00		0000-00-00							\N
167	MIS,DGHS	127	0	0			1924400837	farah.obaid@synesisit.com.bd	Irfan hossain				\N	\N	\N	\N																	Production	Powered On	tele-app		8		16 GB		522.11 GB				RAID 1	Ubuntu Linux (64-bit)		Open Source				Open source											Accept			0000-00-00	Accept		Approved & Deployed	Younus Jamil Rana	Kazi Fabliha Tasnim	Sukhendu Shekhor Roy	Zulfiker Ali	tele-app	NNS Solution ltd		172.16.18.127	0000-00-00		0000-00-00							\N
168	MIS,DGHS	127	0	0			1924400837	farah.obaid@synesisit.com.bd	Irfan hossain				\N	\N	\N	\N																	Production	Powered On	tele-db		8		16 GB		1 TB				RAID 1	Ubuntu Linux (64-bit)		Open Source				Open source											Accept			0000-00-00	Accept		Approved & Deployed	Younus Jamil Rana	Kazi Fabliha Tasnim	Sukhendu Shekhor Roy	Zulfiker Ali	tele-db	NNS Solution ltd		172.16.18.128	0000-00-00		0000-00-00							\N
169		127	0	0									\N	\N	\N	\N																	Production	Powered On	mncah-ml		8		16 GB		426.08 GB				RAID 0	Ubuntu Linux (64-bit)		Open Source				Open source											Accept			0000-00-00	Accept		Approved & Deployed	Younus Jamil Rana	Kazi Fabliha Tasnim	Sukhendu Shekhor Roy	Zulfiker Ali	mncah-ml	NNS Solution ltd		172.16.18.135	0000-00-00		0000-00-00							\N
170	MIS,DGHS	127	0	0		TB Gate, Mohakhali, Dhaka	01322858228	riaz.somc@mis.dghs.gov.bd	Dr. B. M. Riazul Islam	HIU, MIS, DGHS	Deputy Chief (Medical)	01322858228	\N	\N	\N	\N																	Production	Powered On	mailhub		8		10 GB		130.14 GB				RAID 1	Ubuntu Linux (64-bit)		Open Source				Open source											Accept			0000-00-00	Accept		Approved & Deployed	Younus Jamil Rana	Kazi Fabliha Tasnim	Sukhendu Shekhor Roy	Zulfiker Ali	mailhub	NNS Solution ltd		103.247.238.76	0000-00-00		0000-00-00							\N
171	MIS,DGHS	127	0	0		TB Gate, Mohakhali, Dhaka	01322858228	riaz.somc@mis.dghs.gov.bd	Dr. B. M. Riazul Islam	HIU, MIS, DGHS	Deputy Chief (Medical)	01322858228	\N	\N	\N	\N																	Production	Powered On	dhis2-private-clinic		8		32 GB		332.93 GB				RAID 1	Ubuntu Linux (64-bit)		Open Source				Open source											Accept			0000-00-00	Accept		Approved & Deployed	Younus Jamil Rana	Kazi Fabliha Tasnim	Sukhendu Shekhor Roy	Zulfiker Ali	dhis2-private-clinic	NNS Solution ltd		172.16.17.233	0000-00-00		0000-00-00							\N
172	MIS,DGHS	127	0	0		TB Gate, Mohakhali, Dhaka	01322858228	riaz.somc@mis.dghs.gov.bd	Dr. B. M. Riazul Islam	HIU, MIS, DGHS	Deputy Chief (Medical)	01322858228	\N	\N	\N	\N																	Production	Powered On	dhis2-tracker		8		32 GB		332.19 GB				RAID 0	Ubuntu Linux (64-bit)		Open Source				Open source											Accept			0000-00-00	Accept		Approved & Deployed	Younus Jamil Rana	Kazi Fabliha Tasnim	Sukhendu Shekhor Roy	Zulfiker Ali	dhis2-tracker	NNS Solution ltd		172.16.17.159	0000-00-00		0000-00-00							\N
173		127	0	0									\N	\N	\N	\N																	Production	Powered On	dc-sddc-vc.dghs.gov.bd		8		32 GB		1.4 TB				RAID 1	Other 3.x or later Linux (64-bit)		Open Source				Open source											Accept			0000-00-00	Accept		Approved & Deployed	Younus Jamil Rana	Kazi Fabliha Tasnim	Sukhendu Shekhor Roy	Zulfiker Ali	dc-sddc-vc.dghs.gov.bd	NNS Solution ltd		172.16.16.70	0000-00-00		0000-00-00							\N
174		127	0	0									\N	\N	\N	\N																	Production	Powered Off	dhis2-tracker		8		32 GB		332.34 GB				RAID 1	Ubuntu Linux (64-bit)		Open Source				Open source											Accept			0000-00-00	Accept		Approved & Deployed	Younus Jamil Rana	Kazi Fabliha Tasnim	Sukhendu Shekhor Roy	Zulfiker Ali	dhis2-tracker	NNS Solution ltd			0000-00-00		0000-00-00							\N
175		127	0	0									\N	\N	\N	\N																	Production	Powered On	netflow-new		8		32 GB		433.11 GB				RAID 0	Microsoft Windows Server 2016 or later (64-bit)		Open Source				Open source											Accept			0000-00-00	Accept		Approved & Deployed	Younus Jamil Rana	Kazi Fabliha Tasnim	Sukhendu Shekhor Roy	Zulfiker Ali	netflow-new	NNS Solution ltd		103.247.238.90	0000-00-00		0000-00-00							\N
176	MIS,DGHS	127	0	0		TB Gate, Mohakhali, Dhaka	01322858228	riaz.somc@mis.dghs.gov.bd	Dr. B. M. Riazul Islam	HIU, MIS, DGHS	Deputy Chief (Medical)	01322858228	\N	\N	\N	\N																	Production	Powered On	proxy		8		16 GB		97.42 GB				RAID 1	Ubuntu Linux (64-bit)		Open Source				Open source											Accept			0000-00-00	Accept		Approved & Deployed	Younus Jamil Rana	Kazi Fabliha Tasnim	Sukhendu Shekhor Roy	Zulfiker Ali	proxy	NNS Solution ltd		172.16.18.91	0000-00-00		0000-00-00							\N
177		127	0	0									\N	\N	\N	\N																	Production	Powered On	vpd-db		8		16 GB		728.47 GB				RAID 1	Ubuntu Linux (64-bit)		Open Source				Open source											Accept			0000-00-00	Accept		Approved & Deployed	Younus Jamil Rana	Kazi Fabliha Tasnim	Sukhendu Shekhor Roy	Zulfiker Ali	vpd-db	NNS Solution ltd		172.16.18.19	0000-00-00		0000-00-00							\N
178		127	0	0									\N	\N	\N	\N																	Production	Powered On	rnd-vm		8		16 GB		826.18 GB				RAID 1	Ubuntu Linux (64-bit)		Open Source				Open source											Accept			0000-00-00	Accept		Approved & Deployed	Younus Jamil Rana	Kazi Fabliha Tasnim	Sukhendu Shekhor Roy	Zulfiker Ali	rnd-vm	NNS Solution ltd		172.16.18.92	0000-00-00		0000-00-00							\N
179	MIS,DGHS	127	0	0		TB Gate, Mohakhali, Dhaka	+880 1719-235897	rajibpaul@mis.dghs.gov.bd	Rajib Paul		Consultant	+880 1719-235897	\N	\N	\N	\N																	Production	Powered On	hosptl-reg		8		32 GB		2.43 TB				RAID 0	Ubuntu Linux (64-bit)		Open Source				Open source											Accept			0000-00-00	Accept		Approved & Deployed	Younus Jamil Rana	Kazi Fabliha Tasnim	Sukhendu Shekhor Roy	Zulfiker Ali	hosptl-reg	NNS Solution ltd		172.16.18.93	0000-00-00		0000-00-00							\N
180		127	0	0									\N	\N	\N	\N																	Production	Powered On	e-vlmis		8		8 GB		1 TB				RAID 1	Ubuntu Linux (64-bit)		Open Source				Open source											Accept			0000-00-00	Accept		Approved & Deployed	Younus Jamil Rana	Kazi Fabliha Tasnim	Sukhendu Shekhor Roy	Zulfiker Ali	e-vlmis	NNS Solution ltd		172.16.18.94	0000-00-00		0000-00-00							\N
181	MIS,DGHS	127	0	0		TB Gate, Mohakhali, Dhaka	01714-005887	asif@head-blocks.com	Asif Atick		It Consultant	01714-005887	\N	\N	\N	\N																	Production	Powered On	k8s-master-2		8		16 GB		588.41 GB				RAID 1	Ubuntu Linux (64-bit)		Open Source				Open source											Accept			0000-00-00	Accept		Approved & Deployed	Younus Jamil Rana	Kazi Fabliha Tasnim	Sukhendu Shekhor Roy	Zulfiker Ali	k8s-master-2	NNS Solution ltd		172.16.17.248	0000-00-00		0000-00-00							\N
182	MIS,DGHS	127	0	0		TB Gate, Mohakhali, Dhaka	01714-005887	asif@head-blocks.com	Asif Atick		It Consultant	01714-005887	\N	\N	\N	\N																	Production	Powered On	k8s-master-3		8		16 GB		586.2 GB				RAID 1	Ubuntu Linux (64-bit)		Open Source				Open source											Accept			0000-00-00	Accept		Approved & Deployed	Younus Jamil Rana	Kazi Fabliha Tasnim	Sukhendu Shekhor Roy	Zulfiker Ali	k8s-master-3	NNS Solution ltd		172.16.17.251	0000-00-00		0000-00-00							\N
183	MIS,DGHS	127	0	0		TB Gate, Mohakhali, Dhaka	01714-005887	asif@head-blocks.com	Asif Atick		It Consultant	01714-005887	\N	\N	\N	\N																	Production	Powered On			8		8 GB		108.17 GB				RAID 0	Ubuntu Linux (64-bit)		Open Source				Open source											Accept			0000-00-00	Accept		Approved & Deployed	Younus Jamil Rana	Kazi Fabliha Tasnim	Sukhendu Shekhor Roy	Zulfiker Ali		NNS Solution ltd			0000-00-00		0000-00-00							\N
184	mPower Social Enterprises Ltd.	127	0	0		Nur Empori (Level-10) | House#77 | B#M | R#11 | Banani | Dhaka-1213 |	+88 01793544563	amsaif@mpower-social.com	A.M.Saif	Application	Project Manager	+88 01793544563	\N	\N	\N	\N																	Production	Powered On	vaxepiapinode3		8		16 GB		316.17 GB				RAID 1	Ubuntu Linux (64-bit)		Open Source				Open source											Accept			0000-00-00	Accept		Approved & Deployed	Younus Jamil Rana	Kazi Fabliha Tasnim	Sukhendu Shekhor Roy	Zulfiker Ali	vaxepiapinode3	NNS Solution ltd		172.16.18.98	0000-00-00		0000-00-00							\N
185	mPower Social Enterprises Ltd.	127	0	0		Nur Empori (Level-10) | House#77 | B#M | R#11 | Banani | Dhaka-1213 |	+88 01793544563	amsaif@mpower-social.com	A.M.Saif	Application	Project Manager	+88 01793544563	\N	\N	\N	\N																	Production	Powered On	vaxepiapinode4		8		16 GB		316.17 GB				RAID 1	Ubuntu Linux (64-bit)		Open Source				Open source											Accept			0000-00-00	Accept		Approved & Deployed	Younus Jamil Rana	Kazi Fabliha Tasnim	Sukhendu Shekhor Roy	Zulfiker Ali	vaxepiapinode4	NNS Solution ltd		172.16.18.99	0000-00-00		0000-00-00							\N
186	mPower Social Enterprises Ltd.	127	0	0		Nur Empori (Level-10) | House#77 | B#M | R#11 | Banani | Dhaka-1213 |	+88 01793544563	amsaif@mpower-social.com	A.M.Saif	Application	Project Manager	+88 01793544563	\N	\N	\N	\N																	Production	Powered On	mail.egp.dghs.gov.bd		8		16 GB		2.03 TB				RAID 0	CentOS 8 (64-bit)		Open Source				Open source											Accept			0000-00-00	Accept		Approved & Deployed	Younus Jamil Rana	Kazi Fabliha Tasnim	Sukhendu Shekhor Roy	Zulfiker Ali	mail.egp.dghs.gov.bd	NNS Solution ltd		172.16.18.106	0000-00-00		0000-00-00							\N
187	DGME ,DGHS	127	0	99		TB Gate, Mohakhali, Dhaka	1746638483	raihan@activationltd.com	Raihan Sikder		CEO (Activition)	1711731891	\N	\N	\N	\N																	Production	Powered On	dgme-admission		8		32 GB		4.03 TB				RAID 1	Ubuntu Linux (64-bit)		Open Source				Open source											Accept			0000-00-00	Accept		Approved & Deployed	Younus Jamil Rana	Kazi Fabliha Tasnim	Sukhendu Shekhor Roy	Zulfiker Ali	dgme-admission	NNS Solution ltd		172.16.18.110	0000-00-00		0000-00-00							\N
188	Crystal tech ltd	127	0	0		Hosue No-142, Castle Green(2nd Floor), Green Road, Dhaka-1205, Green Rd, Dhaka 1205	01849457282	mostafakhulna84@gmail.com	Golam Mostafa		System Admiistrator		\N	\N	\N	\N																	Production	Powered On	shr-deshboard		6		16 GB		736.23 GB				RAID 1	CentOS 7 (64-bit)		Open Source				Open source											Accept			0000-00-00	Accept		Approved & Deployed	Younus Jamil Rana	Kazi Fabliha Tasnim	Sukhendu Shekhor Roy	Zulfiker Ali	shr-deshboard	NNS Solution ltd		172.16.17.68	0000-00-00		0000-00-00							\N
189	MIS,DGHS	127	0	0		TB Gate, Mohakhali, Dhaka	01714-005887	asif@head-blocks.com	Asif Atick		It Consultant	01714-005887	\N	\N	\N	\N																	Production	Powered On	samcs.dghs.gov.bd		6		12 GB		315.93 GB				RAID 1	CentOS 7 (64-bit)		Open Source				Open source											Accept			0000-00-00	Accept		Approved & Deployed	Younus Jamil Rana	Kazi Fabliha Tasnim	Sukhendu Shekhor Roy	Zulfiker Ali	samcs.dghs.gov.bd	NNS Solution ltd		172.16.17.83	0000-00-00		0000-00-00							\N
190	MIS,DGHS	127	0	0		TB Gate, Mohakhali, Dhaka	01714-005887	asif@head-blocks.com	Asif Atick		It Consultant	01714-005887	\N	\N	\N	\N																	Production	Powered On	dghs-appdb.dghs.gov.bd		6		16 GB		256.25 GB				RAID 0	CentOS 6 (64-bit)		Open Source				Open source											Accept			0000-00-00	Accept		Approved & Deployed	Younus Jamil Rana	Kazi Fabliha Tasnim	Sukhendu Shekhor Roy	Zulfiker Ali	dghs-appdb.dghs.gov.bd	NNS Solution ltd		172.16.18.53	0000-00-00		0000-00-00							\N
191	e-Health, MIS DGHS	127	0	98		Mohakhali Dhaka	1322858216	sofordar@mis.dghs.gov.bd	Dr. Md Zahidul Islam	e-Health	DPM	1322858216	\N	\N	\N	\N																	Production	Powered On	development		6		8 GB		115.36 GB				RAID 1	Ubuntu Linux (64-bit)		Open Source				Open source											Accept			0000-00-00	Accept		Approved & Deployed	Younus Jamil Rana	Kazi Fabliha Tasnim	Sukhendu Shekhor Roy	Zulfiker Ali	development	NNS Solution ltd		172.16.17.103	0000-00-00		0000-00-00							\N
192		127	0	0									\N	\N	\N	\N																	Production	Powered On	bcsinfo		6		32 GB		240.37 GB				RAID 1	Ubuntu Linux (64-bit)		Open Source				Open source											Accept			0000-00-00	Accept		Approved & Deployed	Younus Jamil Rana	Kazi Fabliha Tasnim	Sukhendu Shekhor Roy	Zulfiker Ali	bcsinfo	NNS Solution ltd		172.16.17.106	0000-00-00		0000-00-00							\N
193		127	0	0									\N	\N	\N	\N																	Production	Powered Off			6		16 GB		532.51 GB				RAID 0	Microsoft Windows Server 2016 or later (64-bit)		Open Source				Open source											Accept			0000-00-00	Accept		Approved & Deployed	Younus Jamil Rana	Kazi Fabliha Tasnim	Sukhendu Shekhor Roy	Zulfiker Ali		NNS Solution ltd			0000-00-00		0000-00-00							\N
194	HED	127	0	0			0 1678090208	mahafuz@totalofftec.com	Md. Mahafuzur Rahaman Samim 	IT Support	Sr.  Executiv	0 1678090208	\N	\N	\N	\N																	Production	Powered On	HED-ATEENDANCE		6		8 GB		272.83 GB				RAID 1	Microsoft Windows Server 2012 (64-bit)		Open Source				Open source											Accept			0000-00-00	Accept		Approved & Deployed	Younus Jamil Rana	Kazi Fabliha Tasnim	Sukhendu Shekhor Roy	Zulfiker Ali	HED-ATEENDANCE	NNS Solution ltd		172.16.17.69	0000-00-00		0000-00-00							\N
195		127	0	0									\N	\N	\N	\N																	Production	Powered On	pustiapp-bnnc		6		8 GB		618.31 GB				RAID 1	Ubuntu Linux (64-bit)		Open Source				Open source											Accept			0000-00-00	Accept		Approved & Deployed	Younus Jamil Rana	Kazi Fabliha Tasnim	Sukhendu Shekhor Roy	Zulfiker Ali	pustiapp-bnnc	NNS Solution ltd		172.16.17.84	0000-00-00		0000-00-00							\N
196		127	0	0									\N	\N	\N	\N																	Production	Powered On	visioncenter		6		20 GB		1.49 TB				RAID 1	Microsoft Windows Server 2012 (64-bit)		Open Source				Open source											Accept			0000-00-00	Accept		Approved & Deployed	Younus Jamil Rana	Kazi Fabliha Tasnim	Sukhendu Shekhor Roy	Zulfiker Ali	visioncenter	NNS Solution ltd		103.247.238.122	0000-00-00		0000-00-00							\N
197	Crystal tech ltd	127	0	0		Hosue No-142, Castle Green(2nd Floor), Green Road, Dhaka-1205, Green Rd, Dhaka 1205	01849457282	mostafakhulna84@gmail.com	Golam Mostafa		System Admiistrator		\N	\N	\N	\N																	Production	Powered On	shr-deshboard		6		16 GB		737.11 GB				RAID 0	CentOS 7 (64-bit)		Open Source				Open source											Accept			0000-00-00	Accept		Approved & Deployed	Younus Jamil Rana	Kazi Fabliha Tasnim	Sukhendu Shekhor Roy	Zulfiker Ali	shr-deshboard	NNS Solution ltd		172.16.17.246	0000-00-00		0000-00-00							\N
198		127	0	0									\N	\N	\N	\N																	Production	Powered On	4th-hpnsp		4		16 GB		256.35 GB				RAID 1	Ubuntu Linux (64-bit)		Open Source				Open source											Accept			0000-00-00	Accept		Approved & Deployed	Younus Jamil Rana	Kazi Fabliha Tasnim	Sukhendu Shekhor Roy	Zulfiker Ali	4th-hpnsp	NNS Solution ltd		172.16.17.155	0000-00-00		0000-00-00							\N
199	mPower Social Enterprises Ltd.	127	0	0		Nur Empori (Level-10) | House#77 | B#M | R#11 | Banani | Dhaka-1213 |	+88 01793544563	amsaif@mpower-social.com	A.M.Saif	Application	Project Manager	+88 01793544563	\N	\N	\N	\N																	Production	Powered On	cbhc-elaerning		4		8 GB		212.36 GB				RAID 1	Ubuntu Linux (64-bit)		Open Source				Open source											Accept			0000-00-00	Accept		Approved & Deployed	Younus Jamil Rana	Kazi Fabliha Tasnim	Sukhendu Shekhor Roy	Zulfiker Ali	cbhc-elaerning	NNS Solution ltd		172.16.17.139	0000-00-00		0000-00-00							\N
200	DGME ,DGHS	127	0	99		TB Gate, Mohakhali, Dhaka	1746638483	raihan@activationltd.com	Raihan Sikder		CEO (Activition)	1711731891	\N	\N	\N	\N																	Production	Powered On	dgme-server		4		8 GB		818.49 GB				RAID 0	Ubuntu Linux (64-bit)		Open Source				Open source											Accept			0000-00-00	Accept		Approved & Deployed	Younus Jamil Rana	Kazi Fabliha Tasnim	Sukhendu Shekhor Roy	Zulfiker Ali	dgme-server	NNS Solution ltd		172.16.17.118	0000-00-00		0000-00-00							\N
201	DGME ,DGHS	127	0	0		TB Gate, Mohakhali, Dhaka	1711731891		Sanjid Habib		Implementation Lead		\N	\N	\N	\N																	Production	Powered On	ehs-dashboard		4		16 GB		196.26 GB				RAID 1	Ubuntu Linux (64-bit)		Open Source				Open source											Accept			0000-00-00	Accept		Approved & Deployed	Younus Jamil Rana	Kazi Fabliha Tasnim	Sukhendu Shekhor Roy	Zulfiker Ali	ehs-dashboard	NNS Solution ltd		172.16.17.116	0000-00-00		0000-00-00							\N
202	Management Sciences for Health	127	0	0			01715814668	mferdousalam@mtapsprogram.org	Md Ferdous Alam		Senior Technical Advisor - HIS	01715814668	\N	\N	\N	\N																	Production	Powered On	elmis-cmsd		4		16 GB		636.36 GB				RAID 1	CentOS 8 (64-bit)		Open Source				Open source											Accept			0000-00-00	Accept		Approved & Deployed	Younus Jamil Rana	Kazi Fabliha Tasnim	Sukhendu Shekhor Roy	Zulfiker Ali	elmis-cmsd	NNS Solution ltd		172.16.17.132	0000-00-00		0000-00-00							\N
203	WHO	127	0	0			0 1730-787386	mdkhan@who.int	Md. Hasanuzzaman KHAN		Data Manager-WHO	0 1730-787386	\N	\N	\N	\N																	Production	Powered On	epi-gis-01		4		16 GB		420.38 GB				RAID 1	Ubuntu Linux (64-bit)		Open Source				Open source											Accept			0000-00-00	Accept		Approved & Deployed	Younus Jamil Rana	Kazi Fabliha Tasnim	Sukhendu Shekhor Roy	Zulfiker Ali	epi-gis-01	NNS Solution ltd		172.16.17.150	0000-00-00		0000-00-00							\N
204	WHO	127	0	0			0 1730-787386	mdkhan@who.int	Md. Hasanuzzaman KHAN		Data Manager-WHO	0 1730-787386	\N	\N	\N	\N																	Production	Powered On	gis.dghs.gov.bd		4		16 GB		1.43 TB				RAID 0	Ubuntu Linux (64-bit)		Open Source				Open source											Accept			0000-00-00	Accept		Approved & Deployed	Younus Jamil Rana	Kazi Fabliha Tasnim	Sukhendu Shekhor Roy	Zulfiker Ali	gis.dghs.gov.bd	NNS Solution ltd		172.16.17.151	0000-00-00		0000-00-00							\N
205	Management Sciences for Health	127	0	0			01715814668	mferdousalam@mtapsprogram.org	Md Ferdous Alam		Senior Technical Advisor - HIS	01715814668	\N	\N	\N	\N																	Production	Powered On	etb-staging		4		16 GB		232.24 GB				RAID 1	Ubuntu Linux (64-bit)		Open Source				Open source											Accept			0000-00-00	Accept		Approved & Deployed	Younus Jamil Rana	Kazi Fabliha Tasnim	Sukhendu Shekhor Roy	Zulfiker Ali	etb-staging	NNS Solution ltd		172.16.17.119	0000-00-00		0000-00-00							\N
206	MIS,DGHS	127	0	0		TB Gate, Mohakhali, Dhaka	01322858228	riaz.somc@mis.dghs.gov.bd	Dr. B. M. Riazul Islam	HIU, MIS, DGHS	Deputy Chief (Medical)	01322858228	\N	\N	\N	\N																	Production	Powered Off	foundation-training		4		8 GB		114.15 GB				RAID 1	Ubuntu Linux (64-bit)		Open Source				Open source											Accept			0000-00-00	Accept		Approved & Deployed	Younus Jamil Rana	Kazi Fabliha Tasnim	Sukhendu Shekhor Roy	Zulfiker Ali	foundation-training	NNS Solution ltd			0000-00-00		0000-00-00							\N
207	a2i	127	0	0			01716022209	raihanul.hoque@a2i.gov.bd 	Mohammad Raihanul Hoque		Health Data Expert	01712927449	\N	\N	\N	\N																	Production	Powered On	health-data		4		16 GB		326.22 GB				RAID 0	Ubuntu Linux (64-bit)		Open Source				Open source											Accept			0000-00-00	Accept		Approved & Deployed	Younus Jamil Rana	Kazi Fabliha Tasnim	Sukhendu Shekhor Roy	Zulfiker Ali	health-data	NNS Solution ltd		172.16.17.156	0000-00-00		0000-00-00							\N
208	BUHS	127	0	0			01716883138	sharminpaevez@yahoo.com					\N	\N	\N	\N																	Production	Powered On	out-door		4		8 GB		176.85 GB				RAID 1	Debian GNU/Linux 11 (64-bit)		Open Source				Open source											Accept			0000-00-00	Accept		Approved & Deployed	Younus Jamil Rana	Kazi Fabliha Tasnim	Sukhendu Shekhor Roy	Zulfiker Ali	out-door	NNS Solution ltd		172.16.17.123	0000-00-00		0000-00-00							\N
209	MIS,DGHS	127	0	0		TB Gate, Mohakhali, Dhaka	01714-005887	asif@head-blocks.com	Asif Atick		It Consultant	01714-005887	\N	\N	\N	\N																	Production	Powered On	info.shr.dghs.gov.bd		4		8 GB		118.16 GB				RAID 1	Ubuntu Linux (64-bit)		Open Source				Open source											Accept			0000-00-00	Accept		Approved & Deployed	Younus Jamil Rana	Kazi Fabliha Tasnim	Sukhendu Shekhor Roy	Zulfiker Ali	info.shr.dghs.gov.bd	NNS Solution ltd		172.16.17.194	0000-00-00		0000-00-00							\N
210	MIS,DGHS	127	0	0		TB Gate, Mohakhali, Dhaka	01714-005887	asif@head-blocks.com	Asif Atick		It Consultant	01714-005887	\N	\N	\N	\N																	Production	Powered Off	shr-test		4		8 GB		210.79 GB				RAID 1	CentOS 7 (64-bit)		Open Source				Open source											Accept			0000-00-00	Accept		Approved & Deployed	Younus Jamil Rana	Kazi Fabliha Tasnim	Sukhendu Shekhor Roy	Zulfiker Ali	shr-test	NNS Solution ltd			0000-00-00		0000-00-00							\N
211	MIS,DGHS	127	0	0		TB Gate, Mohakhali, Dhaka	01714-005887	asif@head-blocks.com	Asif Atick		It Consultant	01714-005887	\N	\N	\N	\N																	Production	Powered On	shr-db02		4		16 GB		228.98 GB				RAID 0	Ubuntu Linux (64-bit)		Open Source				Open source											Accept			0000-00-00	Accept		Approved & Deployed	Younus Jamil Rana	Kazi Fabliha Tasnim	Sukhendu Shekhor Roy	Zulfiker Ali	shr-db02	NNS Solution ltd		172.16.17.189	0000-00-00		0000-00-00							\N
212	MIS,DGHS	127	0	0		TB Gate, Mohakhali, Dhaka	01714-005887	asif@head-blocks.com	Asif Atick		It Consultant	01714-005887	\N	\N	\N	\N																	Production	Powered On	tanzu-client		4		16 GB		938.13 GB				RAID 1	CentOS 8 (64-bit)		Open Source				Open source											Accept			0000-00-00	Accept		Approved & Deployed	Younus Jamil Rana	Kazi Fabliha Tasnim	Sukhendu Shekhor Roy	Zulfiker Ali	tanzu-client	NNS Solution ltd		172.16.16.202	0000-00-00		0000-00-00							\N
213	MIS,DGHS	127	0	0		TB Gate, Mohakhali, Dhaka	01714-005887	asif@head-blocks.com	Asif Atick		It Consultant	01714-005887	\N	\N	\N	\N																	Production	Powered Off	opmrs		4		16 GB		522.83 GB				RAID 1	CentOS 8 (64-bit)		Open Source				Open source											Accept			0000-00-00	Accept		Approved & Deployed	Younus Jamil Rana	Kazi Fabliha Tasnim	Sukhendu Shekhor Roy	Zulfiker Ali	opmrs	NNS Solution ltd			0000-00-00		0000-00-00							\N
214	MIS,DGHS	127	0	0		TB Gate, Mohakhali, Dhaka	01714-005887	asif@head-blocks.com	Asif Atick		It Consultant	01714-005887	\N	\N	\N	\N																	Production	Powered On	undp-data		4		8 GB		312.31 GB				RAID 0	Ubuntu Linux (64-bit)		Open Source				Open source											Accept			0000-00-00	Accept		Approved & Deployed	Younus Jamil Rana	Kazi Fabliha Tasnim	Sukhendu Shekhor Roy	Zulfiker Ali	undp-data	NNS Solution ltd		172.16.17.160	0000-00-00		0000-00-00							\N
215	MIS,DGHS	127	0	0		TB Gate, Mohakhali, Dhaka	01714-005887	asif@head-blocks.com	Asif Atick		It Consultant	01714-005887	\N	\N	\N	\N																	Production	Powered On	vaxepialertengine		4		8 GB		118.57 GB				RAID 1	Ubuntu Linux (64-bit)		Open Source				Open source											Accept			0000-00-00	Accept		Approved & Deployed	Younus Jamil Rana	Kazi Fabliha Tasnim	Sukhendu Shekhor Roy	Zulfiker Ali	vaxepialertengine	NNS Solution ltd		172.16.17.184	0000-00-00		0000-00-00							\N
216	MIS,DGHS	127	0	0		TB Gate, Mohakhali, Dhaka	01714-005887	asif@head-blocks.com	Asif Atick		It Consultant	01714-005887	\N	\N	\N	\N																	Production	Powered On	vaxepidbrouter2		4		8 GB		118.66 GB				RAID 1	Other Linux (64-bit)		Open Source				Open source											Accept			0000-00-00	Accept		Approved & Deployed	Younus Jamil Rana	Kazi Fabliha Tasnim	Sukhendu Shekhor Roy	Zulfiker Ali	vaxepidbrouter2	NNS Solution ltd		172.16.18.175	0000-00-00		0000-00-00							\N
217	MIS,DGHS	127	0	0		TB Gate, Mohakhali, Dhaka	01714-005887	asif@head-blocks.com	Asif Atick		It Consultant	01714-005887	\N	\N	\N	\N																	Production	Powered On	vaxepiloganalyzer		4		16 GB		1.1 TB				RAID 1	Ubuntu Linux (64-bit)		Open Source				Open source											Accept			0000-00-00	Accept		Approved & Deployed	Younus Jamil Rana	Kazi Fabliha Tasnim	Sukhendu Shekhor Roy	Zulfiker Ali	vaxepiloganalyzer	NNS Solution ltd		172.16.17.181	0000-00-00		0000-00-00							\N
218	mPower Social Enterprises Ltd.	127	0	0		Nur Empori (Level-10) | House#77 | B#M | R#11 | Banani | Dhaka-1213 |	+88 01793544563	amsaif@mpower-social.com	A.M.Saif	Application	Project Manager	+88 01793544563	\N	\N	\N	\N																	Production	Powered On	vaxepibackup		4		8 GB		3.05 TB				RAID 0	Ubuntu Linux (64-bit)		Open Source				Open source											Accept			0000-00-00	Accept		Approved & Deployed	Younus Jamil Rana	Kazi Fabliha Tasnim	Sukhendu Shekhor Roy	Zulfiker Ali	vaxepibackup	NNS Solution ltd		172.16.17.179	0000-00-00		0000-00-00							\N
219	mPower Social Enterprises Ltd.	127	0	0		Nur Empori (Level-10) | House#77 | B#M | R#11 | Banani | Dhaka-1213 |	+88 01793544563	amsaif@mpower-social.com	A.M.Saif	Application	Project Manager	+88 01793544563	\N	\N	\N	\N																	Production	Powered On	vaxepibuild		4		8 GB		726.45 GB				RAID 1	Ubuntu Linux (64-bit)		Open Source				Open source											Accept			0000-00-00	Accept		Approved & Deployed	Younus Jamil Rana	Kazi Fabliha Tasnim	Sukhendu Shekhor Roy	Zulfiker Ali	vaxepibuild	NNS Solution ltd		172.16.17.183	0000-00-00		0000-00-00							\N
220	mPower Social Enterprises Ltd.	127	0	0		Nur Empori (Level-10) | House#77 | B#M | R#11 | Banani | Dhaka-1213 |	+88 01793544563	amsaif@mpower-social.com	A.M.Saif	Application	Project Manager	+88 01793544563	\N	\N	\N	\N																	Production	Powered On	vaxepimonitoring		4		8 GB		1.1 TB				RAID 1	Ubuntu Linux (64-bit)		Open Source				Open source											Accept			0000-00-00	Accept		Approved & Deployed	Younus Jamil Rana	Kazi Fabliha Tasnim	Sukhendu Shekhor Roy	Zulfiker Ali	vaxepimonitoring	NNS Solution ltd		172.16.17.182	0000-00-00		0000-00-00							\N
221	mPower Social Enterprises Ltd.	127	0	0		Nur Empori (Level-10) | House#77 | B#M | R#11 | Banani | Dhaka-1213 |	+88 01793544563	amsaif@mpower-social.com	A.M.Saif	Application	Project Manager	+88 01793544563	\N	\N	\N	\N																	Production	Powered On	vaxepiredisnode1		4		16 GB		128.55 GB				RAID 0	Ubuntu Linux (64-bit)		Open Source				Open source											Accept			0000-00-00	Accept		Approved & Deployed	Younus Jamil Rana	Kazi Fabliha Tasnim	Sukhendu Shekhor Roy	Zulfiker Ali	vaxepiredisnode1	NNS Solution ltd		172.16.17.172	0000-00-00		0000-00-00							\N
222	mPower Social Enterprises Ltd.	127	0	0		Nur Empori (Level-10) | House#77 | B#M | R#11 | Banani | Dhaka-1213 |	+88 01793544563	amsaif@mpower-social.com	A.M.Saif	Application	Project Manager	+88 01793544563	\N	\N	\N	\N																	Production	Powered On	vaxepistorage		4		8 GB		12.24 TB				RAID 1	Other Linux (64-bit)		Open Source				Open source											Accept			0000-00-00	Accept		Approved & Deployed	Younus Jamil Rana	Kazi Fabliha Tasnim	Sukhendu Shekhor Roy	Zulfiker Ali	vaxepistorage	NNS Solution ltd		172.16.17.178	0000-00-00		0000-00-00							\N
223	mPower Social Enterprises Ltd.	127	0	0		Nur Empori (Level-10) | House#77 | B#M | R#11 | Banani | Dhaka-1213 |	+88 01793544563	amsaif@mpower-social.com	A.M.Saif	Application	Project Manager	+88 01793544563	\N	\N	\N	\N																	Production	Powered On	vaxepiwebnode1		4		8 GB		112.04 GB				RAID 1	Ubuntu Linux (64-bit)		Open Source				Open source											Accept			0000-00-00	Accept		Approved & Deployed	Younus Jamil Rana	Kazi Fabliha Tasnim	Sukhendu Shekhor Roy	Zulfiker Ali	vaxepiwebnode1	NNS Solution ltd		172.16.17.166	0000-00-00		0000-00-00							\N
224	mPower Social Enterprises Ltd.	127	0	0		Nur Empori (Level-10) | House#77 | B#M | R#11 | Banani | Dhaka-1213 |	+88 01793544563	amsaif@mpower-social.com	A.M.Saif	Application	Project Manager	+88 01793544563	\N	\N	\N	\N																	Production	Powered On	vaxepiwebnode2		4		8 GB		112.08 GB				RAID 1	Ubuntu Linux (64-bit)		Open Source				Open source											Accept			0000-00-00	Accept		Approved & Deployed	Younus Jamil Rana	Kazi Fabliha Tasnim	Sukhendu Shekhor Roy	Zulfiker Ali	vaxepiwebnode2	NNS Solution ltd		172.16.17.167	0000-00-00		0000-00-00							\N
225		127	0	0									\N	\N	\N	\N																	Production	Powered On	WIN-NMS-WENET		4		16 GB		200.3 GB				RAID 0	Microsoft Windows Server 2019 (64-bit)		Open Source				Open source											Accept			0000-00-00	Accept		Approved & Deployed	Younus Jamil Rana	Kazi Fabliha Tasnim	Sukhendu Shekhor Roy	Zulfiker Ali	WIN-NMS-WENET	NNS Solution ltd		172.16.18.25	0000-00-00		0000-00-00							\N
226		127	0	0									\N	\N	\N	\N																	Production	Powered On	dghs-ipam		4		8 GB		170.74 GB				RAID 1	CentOS 7 (64-bit)		Open Source				Open source											Accept			0000-00-00	Accept		Approved & Deployed	Younus Jamil Rana	Kazi Fabliha Tasnim	Sukhendu Shekhor Roy	Zulfiker Ali	dghs-ipam	NNS Solution ltd		172.16.16.180	0000-00-00		0000-00-00							\N
227	Management Sciences for Health	127	0	0			01715814668	mferdousalam@mtapsprogram.org	Md Ferdous Alam		Senior Technical Advisor - HIS	01715814668	\N	\N	\N	\N																	Production	Powered On	covidelmis		4		32 GB		1.05 TB				RAID 1	Ubuntu Linux (64-bit)		Open Source				Open source											Accept			0000-00-00	Accept		Approved & Deployed	Younus Jamil Rana	Kazi Fabliha Tasnim	Sukhendu Shekhor Roy	Zulfiker Ali	covidelmis	NNS Solution ltd		172.16.17.80	0000-00-00		0000-00-00							\N
228		127	0	0									\N	\N	\N	\N																	Production	Powered On	dhis-development		4		16 GB		418.45 GB				RAID 0	Ubuntu Linux (64-bit)		Open Source				Open source											Accept			0000-00-00	Accept		Approved & Deployed	Younus Jamil Rana	Kazi Fabliha Tasnim	Sukhendu Shekhor Roy	Zulfiker Ali	dhis-development	NNS Solution ltd		172.16.18.23	0000-00-00		0000-00-00							\N
229	Health (MSH)	127	0	0									\N	\N	\N	\N																	Production	Powered On	dghs-antivirus		4		8 GB		209.04 GB				RAID 1	Microsoft Windows Server 2008 R2 (64-bit)		Open Source				Open source											Accept			0000-00-00	Accept		Approved & Deployed	Younus Jamil Rana	Kazi Fabliha Tasnim	Sukhendu Shekhor Roy	Zulfiker Ali	dghs-antivirus	NNS Solution ltd		192.168.11.3	0000-00-00		0000-00-00							\N
230	MIS,DGHS	127	0	0		TB Gate, Mohakhali, Dhaka	+880 1819-239241	hannan.khan@hispbd.org	Abdul Hannan Khan				\N	\N	\N	\N																	Production	Powered On	dhis-public-reporting-app		4		16 GB		216.54 GB				RAID 1	Ubuntu Linux (64-bit)		Open Source				Open source											Accept			0000-00-00	Accept		Approved & Deployed	Younus Jamil Rana	Kazi Fabliha Tasnim	Sukhendu Shekhor Roy	Zulfiker Ali	dhis-public-reporting-app	NNS Solution ltd		172.16.17.48	0000-00-00		0000-00-00							\N
231	MIS,DGHS	127	0	0		TB Gate, Mohakhali, Dhaka	+880 1819-239241	hannan.khan@hispbd.org	Abdul Hannan Khan				\N	\N	\N	\N																	Production	Powered On	dhis-public-reporting-db		4		12 GB		716.27 GB				RAID 1	Ubuntu Linux (64-bit)		Open Source				Open source											Accept			0000-00-00	Accept		Approved & Deployed	Younus Jamil Rana	Kazi Fabliha Tasnim	Sukhendu Shekhor Roy	Zulfiker Ali	dhis-public-reporting-db	NNS Solution ltd		172.16.18.48	0000-00-00		0000-00-00							\N
232	MIS,DGHS	127	0	0		TB Gate, Mohakhali, Dhaka	+880 1819-239241	hannan.khan@hispbd.org	Abdul Hannan Khan				\N	\N	\N	\N																	Production	Powered On	dhis2-sync		4		16 GB		516.47 GB				RAID 0	Ubuntu Linux (64-bit)		Open Source				Open source											Accept			0000-00-00	Accept		Approved & Deployed	Younus Jamil Rana	Kazi Fabliha Tasnim	Sukhendu Shekhor Roy	Zulfiker Ali	dhis2-sync	NNS Solution ltd		103.247.238.85	0000-00-00		0000-00-00							\N
233	MIS,DGHS	127	0	0		TB Gate, Mohakhali, Dhaka	+880 1819-239241	hannan.khan@hispbd.org	Abdul Hannan Khan				\N	\N	\N	\N																	Production	Powered On	dhis-sync-test2		4		16 GB		516.52 GB				RAID 1	Ubuntu Linux (64-bit)		Open Source				Open source											Accept			0000-00-00	Accept		Approved & Deployed	Younus Jamil Rana	Kazi Fabliha Tasnim	Sukhendu Shekhor Roy	Zulfiker Ali	dhis-sync-test2	NNS Solution ltd		103.247.238.86	0000-00-00		0000-00-00							\N
234	MIS,DGHS	127	0	0		TB Gate, Mohakhali, Dhaka	+880 1819-239241	hannan.khan@hispbd.org	Abdul Hannan Khan				\N	\N	\N	\N																	Production	Powered On	dhis2-covid19-proxy		4		16 GB		138.12 GB				RAID 1	Ubuntu Linux (64-bit)		Open Source				Open source											Accept			0000-00-00	Accept		Approved & Deployed	Younus Jamil Rana	Kazi Fabliha Tasnim	Sukhendu Shekhor Roy	Zulfiker Ali	dhis2-covid19-proxy	NNS Solution ltd		103.247.238.68	0000-00-00		0000-00-00							\N
235	MIS,DGHS	127	0	0		TB Gate, Mohakhali, Dhaka	+880 1819-239241	hannan.khan@hispbd.org	Abdul Hannan Khan				\N	\N	\N	\N																	Production	Powered On	dhis2-middleware		4		8 GB		252.67 GB				RAID 0	Ubuntu Linux (64-bit)		Open Source				Open source											Accept			0000-00-00	Accept		Approved & Deployed	Younus Jamil Rana	Kazi Fabliha Tasnim	Sukhendu Shekhor Roy	Zulfiker Ali	dhis2-middleware	NNS Solution ltd		103.247.238.67	0000-00-00		0000-00-00							\N
236	MIS,DGHS	127	0	0		TB Gate, Mohakhali, Dhaka	+880 1819-239241	hannan.khan@hispbd.org	Abdul Hannan Khan				\N	\N	\N	\N																	Production	Powered On	bdris-middleware		4		12 GB		316.56 GB				RAID 1	Ubuntu Linux (64-bit)		Open Source				Open source											Accept			0000-00-00	Accept		Approved & Deployed	Younus Jamil Rana	Kazi Fabliha Tasnim	Sukhendu Shekhor Roy	Zulfiker Ali	bdris-middleware	NNS Solution ltd		172.16.17.154	0000-00-00		0000-00-00							\N
237	MIS,DGHS	127	0	0		TB Gate, Mohakhali, Dhaka	+880 1819-239241	hannan.khan@hispbd.org	Abdul Hannan Khan				\N	\N	\N	\N																	Production	Powered On	dhis2-cc		4		16 GB		1,016.53 GB				RAID 1	Ubuntu Linux (64-bit)		Open Source				Open source											Accept			0000-00-00	Accept		Approved & Deployed	Younus Jamil Rana	Kazi Fabliha Tasnim	Sukhendu Shekhor Roy	Zulfiker Ali	dhis2-cc	NNS Solution ltd		172.16.17.18	0000-00-00		0000-00-00							\N
238		127	0	0									\N	\N	\N	\N																	Production	Powered On	hmis-proxy		4		24 GB		503.88 GB				RAID 1	Ubuntu Linux (64-bit)		Open Source				Open source											Accept			0000-00-00	Accept		Approved & Deployed	Younus Jamil Rana	Kazi Fabliha Tasnim	Sukhendu Shekhor Roy	Zulfiker Ali	hmis-proxy	NNS Solution ltd		103.247.238.80	0000-00-00		0000-00-00							\N
239		127	0	0									\N	\N	\N	\N																	Production	Powered On	nnhp		4		8 GB		69.26 GB				RAID 0	Ubuntu Linux (64-bit)		Open Source				Open source											Accept			0000-00-00	Accept		Approved & Deployed	Younus Jamil Rana	Kazi Fabliha Tasnim	Sukhendu Shekhor Roy	Zulfiker Ali	nnhp	NNS Solution ltd		172.16.17.115	0000-00-00		0000-00-00							\N
240		127	0	0									\N	\N	\N	\N																	Production	Powered On	vpd-app		4		16 GB		225.41 GB				RAID 1	Ubuntu Linux (64-bit)		Open Source				Open source											Accept			0000-00-00	Accept		Approved & Deployed	Younus Jamil Rana	Kazi Fabliha Tasnim	Sukhendu Shekhor Roy	Zulfiker Ali	vpd-app	NNS Solution ltd		172.16.17.19	0000-00-00		0000-00-00							\N
241		127	0	0									\N	\N	\N	\N																	Production	Powered On	cyberpanel		4		16 GB		216.37 GB				RAID 1	CentOS 7 (64-bit)		Open Source				Open source											Accept			0000-00-00	Accept		Approved & Deployed	Younus Jamil Rana	Kazi Fabliha Tasnim	Sukhendu Shekhor Roy	Zulfiker Ali	cyberpanel	NNS Solution ltd		172.16.17.33	0000-00-00		0000-00-00							\N
242	United Nations Children’s Fu	127	0	0		Syed Mahbub Morshed Avenue, Sher-e-Bangla Nagar	1787665453	mmorshed@unicef.org>	Mohammad Shahnewaz Morshed	Nutrition Section	Nutrition Officer	?01796814632	\N	\N	\N	\N																	Production	Powered On	ancr-db01		4		32 GB		642.5 GB				RAID 0	Ubuntu Linux (64-bit)		Open Source				Open source											Accept			0000-00-00	Accept		Approved & Deployed	Younus Jamil Rana	Kazi Fabliha Tasnim	Sukhendu Shekhor Roy	Zulfiker Ali	ancr-db01	NNS Solution ltd		172.16.17.195	0000-00-00		0000-00-00							\N
243		127	0	0		Dhaka 1207, Bangladesh							\N	\N	\N	\N																	Production	Powered On	vaccination		4		32 GB		1.01 TB				RAID 1	Ubuntu Linux (64-bit)		Open Source				Open source											Accept			0000-00-00	Accept		Approved & Deployed	Younus Jamil Rana	Kazi Fabliha Tasnim	Sukhendu Shekhor Roy	Zulfiker Ali	vaccination	NNS Solution ltd		172.16.17.42	0000-00-00		0000-00-00							\N
244		127	0	0									\N	\N	\N	\N																	Production	Powered On	hris-acr		4		16 GB		3.05 TB				RAID 1	Microsoft Windows Server 2012 (64-bit)		Open Source				Open source											Accept			0000-00-00	Accept		Approved & Deployed	Younus Jamil Rana	Kazi Fabliha Tasnim	Sukhendu Shekhor Roy	Zulfiker Ali	hris-acr	NNS Solution ltd		172.16.17.51	0000-00-00		0000-00-00							\N
245	United Nations Children’s Fu	127	0	0		Syed Mahbub Morshed Avenue, Sher-e-Bangla Nagar	1787665453	mmorshed@unicef.org>	Mohammad Shahnewaz Morshed	Nutrition Section	Nutrition Officer	?01796814632	\N	\N	\N	\N																	Production	Powered On	ancrs-app01		4		16 GB		622.77 GB				RAID 1	Ubuntu Linux (64-bit)		Open Source				Open source											Accept			0000-00-00	Accept		Approved & Deployed	Younus Jamil Rana	Kazi Fabliha Tasnim	Sukhendu Shekhor Roy	Zulfiker Ali	ancrs-app01	NNS Solution ltd		172.16.17.197	0000-00-00		0000-00-00							\N
246		127	0	0									\N	\N	\N	\N																	Production	Powered On	nutrition-web		4		8 GB		316.59 GB				RAID 0	CentOS 8 (64-bit)		Open Source				Open source											Accept			0000-00-00	Accept		Approved & Deployed	Younus Jamil Rana	Kazi Fabliha Tasnim	Sukhendu Shekhor Roy	Zulfiker Ali	nutrition-web	NNS Solution ltd		172.16.17.122	0000-00-00		0000-00-00							\N
247		127	0	0									\N	\N	\N	\N																	Production	Powered On	covid-19-test		4		8 GB		113.95 GB				RAID 1	Ubuntu Linux (64-bit)		Open Source				Open source											Accept			0000-00-00	Accept		Approved & Deployed	Younus Jamil Rana	Kazi Fabliha Tasnim	Sukhendu Shekhor Roy	Zulfiker Ali	covid-19-test	NNS Solution ltd		172.16.17.102	0000-00-00		0000-00-00							\N
248	MIS,DGHS	127	0	0			+880 1719-235897	rajibpaul@mis.dghs.gov.bd	Rajib Paul		It Consultant	+880 1719-235897	\N	\N	\N	\N																	Production	Powered On	dbweb-01.dghs.gov.bd		4		16 GB		420.02 GB				RAID 1	Oracle Linux 4/5/6 (64-bit)		Open Source				Open source											Accept			0000-00-00	Accept		Approved & Deployed	Younus Jamil Rana	Kazi Fabliha Tasnim	Sukhendu Shekhor Roy	Zulfiker Ali	dbweb-01.dghs.gov.bd	NNS Solution ltd		103.247.238.163	0000-00-00		0000-00-00							\N
249	Crystal tech ltd	127	0	0		Hosue No-142, Castle Green(2nd Floor), Green Road, Dhaka-1205, Green Rd, Dhaka 1205	01849457282	mostafakhulna84@gmail.com	Golam Mostafa		System Admiistrator		\N	\N	\N	\N																	Production	Powered On	localhost.localdomain		4		16 GB		457.72 GB				RAID 0	CentOS 8 (64-bit)		Open Source				Open source											Accept			0000-00-00	Accept		Approved & Deployed	Younus Jamil Rana	Kazi Fabliha Tasnim	Sukhendu Shekhor Roy	Zulfiker Ali	localhost.localdomain	NNS Solution ltd		172.16.17.99	0000-00-00		0000-00-00							\N
250	MIS,DGHS	127	0	0		TB Gate, Mohakhali, Dhaka	01714-005887	asif@head-blocks.com	Asif Atick			01714-005887	\N	\N	\N	\N																	Production	Powered On	opensrp.dghs.gov.bd		4		16 GB		180.45 GB				RAID 1	CentOS 4/5/6 (64-bit)		Open Source				Open source											Accept			0000-00-00	Accept		Approved & Deployed	Younus Jamil Rana	Kazi Fabliha Tasnim	Sukhendu Shekhor Roy	Zulfiker Ali	opensrp.dghs.gov.bd	NNS Solution ltd		172.16.17.29	0000-00-00		0000-00-00							\N
251	MIS,DGHS	127	0	0		TB Gate, Mohakhali, Dhaka	01714-005887	asif@head-blocks.com	Asif Atick		It Consultant	01714-005887	\N	\N	\N	\N																	Production	Powered On	opensrp.prod.dghs.gov.bd		4		32 GB		1.01 TB				RAID 1	CentOS 4/5/6 (64-bit)		Open Source				Open source											Accept			0000-00-00	Accept		Approved & Deployed	Younus Jamil Rana	Kazi Fabliha Tasnim	Sukhendu Shekhor Roy	Zulfiker Ali	opensrp.prod.dghs.gov.bd	NNS Solution ltd		172.16.17.25	0000-00-00		0000-00-00							\N
252		127	0	0									\N	\N	\N	\N																	Production	Powered Off	web-02.dghs.gov.bd		4		32 GB		335.96 GB				RAID 1	CentOS 4/5 (64-bit)		Open Source				Open source											Accept			0000-00-00	Accept		Approved & Deployed	Younus Jamil Rana	Kazi Fabliha Tasnim	Sukhendu Shekhor Roy	Zulfiker Ali	web-02.dghs.gov.bd	NNS Solution ltd			0000-00-00		0000-00-00							\N
253		127	0	0									\N	\N	\N	\N																	Production	Powered Off	SSK-WEBSERVER		4		16 GB		547.87 GB				RAID 0	Microsoft Windows Server 2016 or later (64-bit)		Open Source				Open source											Accept			0000-00-00	Accept		Approved & Deployed	Younus Jamil Rana	Kazi Fabliha Tasnim	Sukhendu Shekhor Roy	Zulfiker Ali	SSK-WEBSERVER	NNS Solution ltd			0000-00-00		0000-00-00							\N
254		127	0	0									\N	\N	\N	\N																	Production	Powered On	cmr-modulebd		4		8 GB		108.36 GB				RAID 1	Ubuntu Linux (64-bit)		Open Source				Open source											Accept			0000-00-00	Accept		Approved & Deployed	Younus Jamil Rana	Kazi Fabliha Tasnim	Sukhendu Shekhor Roy	Zulfiker Ali	cmr-modulebd	NNS Solution ltd		172.16.17.46	0000-00-00		0000-00-00							\N
255		127	0	0									\N	\N	\N	\N																	Production	Powered On	weblocal-01.dghs.gov.bd		4		16 GB		420.62 GB				RAID 1	Oracle Linux 4/5 (64-bit)		Open Source				Open source											Accept			0000-00-00	Accept		Approved & Deployed	Younus Jamil Rana	Kazi Fabliha Tasnim	Sukhendu Shekhor Roy	Zulfiker Ali	weblocal-01.dghs.gov.bd	NNS Solution ltd		103.247.238.112	0000-00-00		0000-00-00							\N
256	MIS,DGHS	127	0	0		TB Gate, Mohakhali, Dhaka	01715121973	sofordar@mis.dghs.gov.bd	Dr. Md. Zahidul Islam	mis, DGHS	DPM, e Health	01715121973	\N	\N	\N	\N																	Production	Powered Off	hpm-dashboard		4		8 GB		130.76 GB				RAID 0	CentOS 8 (64-bit)		Open Source				Open source											Accept			0000-00-00	Accept		Approved & Deployed	Younus Jamil Rana	Kazi Fabliha Tasnim	Sukhendu Shekhor Roy	Zulfiker Ali	hpm-dashboard	NNS Solution ltd			0000-00-00		0000-00-00							\N
257		127	0	0									\N	\N	\N	\N																	Production	Powered On	ministry-deshboard		4		16 GB		267.19 GB				RAID 1	CentOS 8 (64-bit)		Open Source				Open source											Accept			0000-00-00	Accept		Approved & Deployed	Younus Jamil Rana	Kazi Fabliha Tasnim	Sukhendu Shekhor Roy	Zulfiker Ali	ministry-deshboard	NNS Solution ltd		172.16.17.94	0000-00-00		0000-00-00							\N
258		127	0	0									\N	\N	\N	\N																	Production	Powered On	learndhis2.dghs.gov.bd		4		8 GB		247.36 GB				RAID 1	CentOS 6 (64-bit)		Open Source				Open source											Accept			0000-00-00	Accept		Approved & Deployed	Younus Jamil Rana	Kazi Fabliha Tasnim	Sukhendu Shekhor Roy	Zulfiker Ali	learndhis2.dghs.gov.bd	NNS Solution ltd		172.16.17.126	0000-00-00		0000-00-00							\N
259		127	0	0									\N	\N	\N	\N																	Production	Powered On	litespeed-web		4		16 GB		180.74 GB				RAID 1	CentOS 7 (64-bit)		Open Source				Open source											Accept			0000-00-00	Accept		Approved & Deployed	Younus Jamil Rana	Kazi Fabliha Tasnim	Sukhendu Shekhor Roy	Zulfiker Ali	litespeed-web	NNS Solution ltd		172.16.17.31	0000-00-00		0000-00-00							\N
260		127	0	0									\N	\N	\N	\N																	Production	Powered On	advance-analytics		4		12 GB		213.4 GB				RAID 0	Microsoft Windows Server 2016 or later (64-bit)		Open Source				Open source											Accept			0000-00-00	Accept		Approved & Deployed	Younus Jamil Rana	Kazi Fabliha Tasnim	Sukhendu Shekhor Roy	Zulfiker Ali	advance-analytics	NNS Solution ltd		172.16.17.79	0000-00-00		0000-00-00							\N
261		127	0	0									\N	\N	\N	\N																	Production	Powered Off	iphn-bhe.dghs.gov.bd		4		16 GB		332.74 GB				RAID 1	CentOS 4/5/6 (64-bit)		Open Source				Open source											Accept			0000-00-00	Accept		Approved & Deployed	Younus Jamil Rana	Kazi Fabliha Tasnim	Sukhendu Shekhor Roy	Zulfiker Ali	iphn-bhe.dghs.gov.bd	NNS Solution ltd			0000-00-00		0000-00-00							\N
262		127	0	0									\N	\N	\N	\N																	Production	Powered On	cassandra01.dghs.gov.bd		4		8 GB		168.14 GB				RAID 1	CentOS 4/5/6 (64-bit)		Open Source				Open source											Accept			0000-00-00	Accept		Approved & Deployed	Younus Jamil Rana	Kazi Fabliha Tasnim	Sukhendu Shekhor Roy	Zulfiker Ali	cassandra01.dghs.gov.bd	NNS Solution ltd		172.16.21.25	0000-00-00		0000-00-00							\N
263		127	0	0									\N	\N	\N	\N																	Production	Powered On	cassandra02.dghs.gov.bd		4		8 GB		168.13 GB				RAID 0	CentOS 4/5/6 (64-bit)		Open Source				Open source											Accept			0000-00-00	Accept		Approved & Deployed	Younus Jamil Rana	Kazi Fabliha Tasnim	Sukhendu Shekhor Roy	Zulfiker Ali	cassandra02.dghs.gov.bd	NNS Solution ltd		172.16.21.26	0000-00-00		0000-00-00							\N
264		127	0	0									\N	\N	\N	\N																	Production	Powered Off			4		8 GB		168.58 GB				RAID 1	CentOS 4/5/6 (64-bit)		Open Source				Open source											Accept			0000-00-00	Accept		Approved & Deployed	Younus Jamil Rana	Kazi Fabliha Tasnim	Sukhendu Shekhor Roy	Zulfiker Ali		NNS Solution ltd			0000-00-00		0000-00-00							\N
265	Management Sciences for Health	127	0	0			01715814668	mferdousalam@mtapsprogram.org	Md Ferdous Alam		Senior Technical Advisor - HIS	01715814668	\N	\N	\N	\N																	Production	Powered On	dghs-elmis		4		8 GB		592.03 GB				RAID 1	CentOS 8 (64-bit)		Open Source				Open source											Accept			0000-00-00	Accept		Approved & Deployed	Younus Jamil Rana	Kazi Fabliha Tasnim	Sukhendu Shekhor Roy	Zulfiker Ali	dghs-elmis	NNS Solution ltd		172.16.17.109	0000-00-00		0000-00-00							\N
266		127	0	0									\N	\N	\N	\N																	Production	Powered On	crvs		4		16 GB		1,010.47 GB				RAID 1	Ubuntu Linux (64-bit)		Open Source				Open source											Accept			0000-00-00	Accept		Approved & Deployed	Younus Jamil Rana	Kazi Fabliha Tasnim	Sukhendu Shekhor Roy	Zulfiker Ali	crvs	NNS Solution ltd		103.247.238.87	0000-00-00		0000-00-00							\N
267		127	0	0									\N	\N	\N	\N																	Production	Powered Off	WIN-IEQPF63CLSG		4		8 GB		6.44 TB				RAID 0	Microsoft Windows Server 2012 (64-bit)		Open Source				Open source											Accept			0000-00-00	Accept		Approved & Deployed	Younus Jamil Rana	Kazi Fabliha Tasnim	Sukhendu Shekhor Roy	Zulfiker Ali	WIN-IEQPF63CLSG	NNS Solution ltd			0000-00-00		0000-00-00							\N
268	BRTA	127	0	99			1746638483	raihan@activationltd.com	Raihan Sikder		CEO (Activition)	1711731891	\N	\N	\N	\N																	Production	Powered On	dope-test		4		16 GB		516.87 GB				RAID 1	CentOS 8 (64-bit)		Open Source				Open source											Accept			0000-00-00	Accept		Approved & Deployed	Younus Jamil Rana	Kazi Fabliha Tasnim	Sukhendu Shekhor Roy	Zulfiker Ali	dope-test	NNS Solution ltd		103.247.238.75	0000-00-00		0000-00-00							\N
269		127	0	0									\N	\N	\N	\N																	Production	Powered On	etoolkits.dghs.gov.bd		4		16 GB		476.6 GB				RAID 1	CentOS 4/5 (64-bit)		Open Source				Open source											Accept			0000-00-00	Accept		Approved & Deployed	Younus Jamil Rana	Kazi Fabliha Tasnim	Sukhendu Shekhor Roy	Zulfiker Ali	etoolkits.dghs.gov.bd	NNS Solution ltd		103.247.238.84	0000-00-00		0000-00-00							\N
270		127	0	0									\N	\N	\N	\N																	Production	Powered On	mail.cc.dghs.gov.bd		4		16 GB		1.97 TB				RAID 0	CentOS 8 (64-bit)		Open Source				Open source											Accept			0000-00-00	Accept		Approved & Deployed	Younus Jamil Rana	Kazi Fabliha Tasnim	Sukhendu Shekhor Roy	Zulfiker Ali	mail.cc.dghs.gov.bd	NNS Solution ltd		103.247.238.65	0000-00-00		0000-00-00							\N
271	mPower Social Enterprises Ltd.	127	0	0		Nur Empori (Level-10) | House#77 | B#M | R#11 | Banani | Dhaka-1213 |	+88 01793544563	amsaif@mpower-social.com	A.M.Saif	Application	Project Manager	+88 01793544563	\N	\N	\N	\N																	Production	Powered On	mhv-cbhc		4		16 GB		899.25 GB				RAID 1	CentOS 6 (64-bit)		Open Source				Open source											Accept			0000-00-00	Accept		Approved & Deployed	Younus Jamil Rana	Kazi Fabliha Tasnim	Sukhendu Shekhor Roy	Zulfiker Ali	mhv-cbhc	NNS Solution ltd		172.16.17.65	0000-00-00		0000-00-00							\N
272	MIS,DGHS	127	0	0		TB Gate, Mohakhali, Dhaka	01714-005887	asif@head-blocks.com	Asif Atick		It Consultant	01714-005887	\N	\N	\N	\N																	Production	Powered On	test-server		4		16 GB		216.26 GB				RAID 1	Ubuntu Linux (64-bit)		Open Source				Open source											Accept			0000-00-00	Accept		Approved & Deployed	Younus Jamil Rana	Kazi Fabliha Tasnim	Sukhendu Shekhor Roy	Zulfiker Ali	test-server	NNS Solution ltd		172.16.17.110	0000-00-00		0000-00-00							\N
273	MIS,DGHS	127	0	0		TB Gate, Mohakhali, Dhaka	01714-005887	asif@head-blocks.com	Asif Atick		It Consultant	01714-005887	\N	\N	\N	\N																	Production	Powered On	omis-server		4		8 GB		330.54 GB				RAID 1	CentOS 8 (64-bit)		Open Source				Open source											Accept			0000-00-00	Accept		Approved & Deployed	Younus Jamil Rana	Kazi Fabliha Tasnim	Sukhendu Shekhor Roy	Zulfiker Ali	omis-server	NNS Solution ltd		172.16.17.70	0000-00-00		0000-00-00							\N
274	MIS,DGHS	127	0	0		TB Gate, Mohakhali, Dhaka	01714-005887	asif@head-blocks.com	Asif Atick		It Consultant	01714-005887	\N	\N	\N	\N																	Production	Powered On	localhost		4		8 GB		871.94 GB				RAID 0	CentOS 7 (64-bit)		Open Source				Open source											Accept			0000-00-00	Accept		Approved & Deployed	Younus Jamil Rana	Kazi Fabliha Tasnim	Sukhendu Shekhor Roy	Zulfiker Ali	localhost	NNS Solution ltd		172.16.17.52	0000-00-00		0000-00-00							\N
275		127	0	0									\N	\N	\N	\N																	Production	Powered On			4		16 GB		919.27 GB				RAID 1	CentOS 4/5/6 (64-bit)		Open Source				Open source											Accept			0000-00-00	Accept		Approved & Deployed	Younus Jamil Rana	Kazi Fabliha Tasnim	Sukhendu Shekhor Roy	Zulfiker Ali		NNS Solution ltd			0000-00-00		0000-00-00							\N
276		127	0	0									\N	\N	\N	\N																	Production	Powered On	nnsadmin-PC		4		8 GB		146.36 GB				RAID 1	Microsoft Windows 7 (64-bit)		Open Source				Open source											Accept			0000-00-00	Accept		Approved & Deployed	Younus Jamil Rana	Kazi Fabliha Tasnim	Sukhendu Shekhor Roy	Zulfiker Ali	nnsadmin-PC	NNS Solution ltd		172.16.17.125	0000-00-00		0000-00-00							\N
277		127	0	0									\N	\N	\N	\N																	Production	Powered On	win2008-db		4		8 GB		308.23 GB				RAID 1	Microsoft Windows Server 2008 R2 (64-bit)		Open Source				Open source											Accept			0000-00-00	Accept		Approved & Deployed	Younus Jamil Rana	Kazi Fabliha Tasnim	Sukhendu Shekhor Roy	Zulfiker Ali	win2008-db	NNS Solution ltd		103.247.238.166	0000-00-00		0000-00-00							\N
278		127	0	0									\N	\N	\N	\N																	Production	Powered On	horizon.dghsvdi.com		4		16 GB		217.2 GB				RAID 1	Microsoft Windows Server 2022 (64-bit)		Open Source				Open source											Accept			0000-00-00	Accept		Approved & Deployed	Younus Jamil Rana	Kazi Fabliha Tasnim	Sukhendu Shekhor Roy	Zulfiker Ali	horizon.dghsvdi.com	NNS Solution ltd		172.16.16.135	0000-00-00		0000-00-00							\N
279	National Heart Foundation	127	0	0		Mirpur 2	1730372957	samsul@nhf.org.bd	Samsul Haque			1730372957	\N	\N	\N	\N																	Production	Powered On	nhf-poc03		4		8 GB		512.14 GB				RAID 1	Ubuntu Linux (64-bit)		Open Source				Open source											Accept			0000-00-00	Accept		Approved & Deployed	Younus Jamil Rana	Kazi Fabliha Tasnim	Sukhendu Shekhor Roy	Zulfiker Ali	nhf-poc03	NNS Solution ltd		172.16.18.123	0000-00-00		0000-00-00							\N
280		127	0	0									\N	\N	\N	\N																	Production	Powered On	horizon-uag		4		16 GB		56.41 GB				RAID 1	Other 3.x Linux (64-bit)		Open Source				Open source											Accept			0000-00-00	Accept		Approved & Deployed	Younus Jamil Rana	Kazi Fabliha Tasnim	Sukhendu Shekhor Roy	Zulfiker Ali	horizon-uag	NNS Solution ltd		103.247.238.77	0000-00-00		0000-00-00							\N
281	WHO	127	0	0			0 1730-787386	mdkhan@who.int	Md. Hasanuzzaman KHAN		Data Manager-WHO	0 1730-787386	\N	\N	\N	\N																	Production	Powered On	gisdata.dghs.gov.bd		4		16 GB		1 TB				RAID 0	Ubuntu Linux (64-bit)		Open Source				Open source											Accept			0000-00-00	Accept		Approved & Deployed	Younus Jamil Rana	Kazi Fabliha Tasnim	Sukhendu Shekhor Roy	Zulfiker Ali	gisdata.dghs.gov.bd	NNS Solution ltd		172.16.18.129	0000-00-00		0000-00-00							\N
282	WHO	127	0	0			0 1730-787386	mdkhan@who.int	Md. Hasanuzzaman KHAN		Data Manager-WHO	0 1730-787386	\N	\N	\N	\N																	Production	Powered On	node-131		4		16 GB		1 TB				RAID 1	Ubuntu Linux (64-bit)		Open Source				Open source											Accept			0000-00-00	Accept		Approved & Deployed	Younus Jamil Rana	Kazi Fabliha Tasnim	Sukhendu Shekhor Roy	Zulfiker Ali	node-131	NNS Solution ltd		172.16.18.131	0000-00-00		0000-00-00							\N
283	WHO	127	0	0			0 1730-787386	mdkhan@who.int	Md. Hasanuzzaman KHAN		Data Manager-WHO	0 1730-787386	\N	\N	\N	\N																	Production	Powered On	node-132		4		16 GB		1 TB				RAID 1	Ubuntu Linux (64-bit)		Open Source				Open source											Accept			0000-00-00	Accept		Approved & Deployed	Younus Jamil Rana	Kazi Fabliha Tasnim	Sukhendu Shekhor Roy	Zulfiker Ali	node-132	NNS Solution ltd		172.16.18.132	0000-00-00		0000-00-00							\N
284		127	0	0									\N	\N	\N	\N																	Production	Powered On	ns1		4		8 GB		118.1 GB				RAID 1	Ubuntu Linux (64-bit)		Open Source				Open source											Accept			0000-00-00	Accept		Approved & Deployed	Younus Jamil Rana	Kazi Fabliha Tasnim	Sukhendu Shekhor Roy	Zulfiker Ali	ns1	NNS Solution ltd		172.16.18.133	0000-00-00		0000-00-00							\N
285	WHO	127	0	0			0 1730-787386	mdkhan@who.int	Md. Hasanuzzaman KHAN		Data Manager-WHO	0 1730-787386	\N	\N	\N	\N																	Production	Powered On	gisnotebook.dghs.gov.bd		4		16 GB		1 TB				RAID 0	Ubuntu Linux (64-bit)		Open Source				Open source											Accept			0000-00-00	Accept		Approved & Deployed	Younus Jamil Rana	Kazi Fabliha Tasnim	Sukhendu Shekhor Roy	Zulfiker Ali	gisnotebook.dghs.gov.bd	NNS Solution ltd		172.16.18.130	0000-00-00		0000-00-00							\N
286	EPI,DGHS	127	0	0			1971804650	mesba.mist@yahoo.com	Md. Mesbahul Haque		Cold Chain Engineer	1971804650	\N	\N	\N	\N																	Production	Powered On	evlmis-coldchn		4		16 GB		2.02 TB				RAID 1	Ubuntu Linux (64-bit)		Open Source				Open source											Accept			0000-00-00	Accept		Approved & Deployed	Younus Jamil Rana	Kazi Fabliha Tasnim	Sukhendu Shekhor Roy	Zulfiker Ali	evlmis-coldchn	NNS Solution ltd		172.16.18.139	0000-00-00		0000-00-00							\N
287	NTP	127	0	0			01718 542900	jobayer.sd.ntp@gmail.com	Abu Jobayer Bin Ali		Software Developer	01718 542900	\N	\N	\N	\N																	Production	Powered On	dghs-elmis		4		8 GB		588.44 GB				RAID 1	CentOS 8 (64-bit)		Open Source				Open source											Accept			0000-00-00	Accept		Approved & Deployed	Younus Jamil Rana	Kazi Fabliha Tasnim	Sukhendu Shekhor Roy	Zulfiker Ali	dghs-elmis	NNS Solution ltd		172.16.18.140	0000-00-00		0000-00-00							\N
288		127	0	0									\N	\N	\N	\N																	Production	Powered On	life-cycle-test		4		8 GB		118.07 GB				RAID 1	Ubuntu Linux (64-bit)		Open Source				Open source											Accept			0000-00-00	Accept		Approved & Deployed	Younus Jamil Rana	Kazi Fabliha Tasnim	Sukhendu Shekhor Roy	Zulfiker Ali	life-cycle-test	NNS Solution ltd		172.16.18.143	0000-00-00		0000-00-00							\N
289		127	0	0									\N	\N	\N	\N																	Production	Powered On	dghs-log-tes		4		8 GB		316.06 GB				RAID 1	Ubuntu Linux (64-bit)		Open Source				Open source											Accept			0000-00-00	Accept		Approved & Deployed	Younus Jamil Rana	Kazi Fabliha Tasnim	Sukhendu Shekhor Roy	Zulfiker Ali	dghs-log-tes	NNS Solution ltd		172.16.18.144	0000-00-00		0000-00-00							\N
290	United Nations Children’s Fu	127	0	0		Syed Mahbub Morshed Avenue, Sher-e-Bangla Nagar	1787665453	mmorshed@unicef.org>	Mohammad Shahnewaz Morshed	Nutrition Section	Nutrition Officer	?01796814632	\N	\N	\N	\N																	Production	Powered On	ancr-proxy		4		8 GB		72.24 GB				RAID 0	Ubuntu Linux (64-bit)		Open Source				Open source											Accept			0000-00-00	Accept		Approved & Deployed	Younus Jamil Rana	Kazi Fabliha Tasnim	Sukhendu Shekhor Roy	Zulfiker Ali	ancr-proxy	NNS Solution ltd		172.16.17.200	0000-00-00		0000-00-00							\N
291		127	0	0									\N	\N	\N	\N																	Production	Powered On	foundation-training		4		8 GB		112.15 GB				RAID 1	Ubuntu Linux (64-bit)		Open Source				Open source											Accept			0000-00-00	Accept		Approved & Deployed	Younus Jamil Rana	Kazi Fabliha Tasnim	Sukhendu Shekhor Roy	Zulfiker Ali	foundation-training	NNS Solution ltd		172.16.17.121	0000-00-00		0000-00-00							\N
292	mPower Social Enterprises Ltd.	127	0	0		Nur Empori (Level-10) | House#77 | B#M | R#11 | Banani | Dhaka-1213 |	+88 01793544563	amsaif@mpower-social.com	A.M.Saif	Application	Project Manager	+88 01793544563	\N	\N	\N	\N																	Production	Powered On	chwchatbot		4		8 GB		418.15 GB				RAID 1	Ubuntu Linux (64-bit)		Open Source				Open source											Accept			0000-00-00	Accept		Approved & Deployed	Younus Jamil Rana	Kazi Fabliha Tasnim	Sukhendu Shekhor Roy	Zulfiker Ali	chwchatbot	NNS Solution ltd		172.16.17.219	0000-00-00		0000-00-00							\N
293		127	0	0									\N	\N	\N	\N																	Production	Powered On	mis-vm		4		16 GB		283.33 GB				RAID 0	Ubuntu Linux (64-bit)		Open Source				Open source											Accept			0000-00-00	Accept		Approved & Deployed	Younus Jamil Rana	Kazi Fabliha Tasnim	Sukhendu Shekhor Roy	Zulfiker Ali	mis-vm	NNS Solution ltd		172.16.17.231	0000-00-00		0000-00-00							\N
294		127	0	0									\N	\N	\N	\N																	Production	Powered On	tifa-leprosy		4		16 GB		3.42 TB				RAID 1	Ubuntu Linux (64-bit)		Open Source				Open source											Accept			0000-00-00	Accept		Approved & Deployed	Younus Jamil Rana	Kazi Fabliha Tasnim	Sukhendu Shekhor Roy	Zulfiker Ali	tifa-leprosy	NNS Solution ltd		172.16.17.232	0000-00-00		0000-00-00							\N
295		127	0	0									\N	\N	\N	\N																	Production	Powered On	dhsi2irhis		4		8 GB		216.42 GB				RAID 1	Ubuntu Linux (64-bit)		Open Source				Open source											Accept			0000-00-00	Accept		Approved & Deployed	Younus Jamil Rana	Kazi Fabliha Tasnim	Sukhendu Shekhor Roy	Zulfiker Ali	dhsi2irhis	NNS Solution ltd		172.16.17.234	0000-00-00		0000-00-00							\N
296		127	0	0									\N	\N	\N	\N																	Production	Powered On	dengue-reports		4		16 GB		416.29 GB				RAID 1	Ubuntu Linux (64-bit)		Open Source				Open source											Accept			0000-00-00	Accept		Approved & Deployed	Younus Jamil Rana	Kazi Fabliha Tasnim	Sukhendu Shekhor Roy	Zulfiker Ali	dengue-reports	NNS Solution ltd		172.16.17.204	0000-00-00		0000-00-00							\N
297	United Nations Children’s Fu	127	0	0		UNICEF House,  Plot # E-30, Syed Mahbub Morshed Avenue, Sher-E-Bangla Nagar, Agargaon, Dhaka-1207, Banglades	1755621894	mparvez@unicef.org	Masud Parvez		Health Officer (eHMIS)	1755621894	\N	\N	\N	\N																	Production	Powered On	VaxIN-App		4		8 GB		114.22 GB				RAID 0	Ubuntu Linux (64-bit)		Open Source				Open source											Accept			0000-00-00	Accept		Approved & Deployed	Younus Jamil Rana	Kazi Fabliha Tasnim	Sukhendu Shekhor Roy	Zulfiker Ali	VaxIN-App	NNS Solution ltd		172.16.17.237	0000-00-00		0000-00-00							\N
298	United Nations Children’s Fu	127	0	0		UNICEF House,  Plot # E-30, Syed Mahbub Morshed Avenue, Sher-E-Bangla Nagar, Agargaon, Dhaka-1207, Banglades	1755621894	mparvez@unicef.org	Masud Parvez		Health Officer (eHMIS)	1755621894	\N	\N	\N	\N																	Production	Powered On	VaxIN-db01		4		8 GB		818.24 GB				RAID 1	Ubuntu Linux (64-bit)		Open Source				Open source											Accept			0000-00-00	Accept		Approved & Deployed	Younus Jamil Rana	Kazi Fabliha Tasnim	Sukhendu Shekhor Roy	Zulfiker Ali	VaxIN-db01	NNS Solution ltd		172.16.17.238	0000-00-00		0000-00-00							\N
299	United Nations Children’s Fu	127	0	0		UNICEF House,  Plot # E-30, Syed Mahbub Morshed Avenue, Sher-E-Bangla Nagar, Agargaon, Dhaka-1207, Banglades	1755621894	mparvez@unicef.org	Masud Parvez		Health Officer (eHMIS)	1755621894	\N	\N	\N	\N																	Production	Powered On	VaxIN-db02		4		8 GB		114.22 GB				RAID 1	Ubuntu Linux (64-bit)		Open Source				Open source											Accept			0000-00-00	Accept		Approved & Deployed	Younus Jamil Rana	Kazi Fabliha Tasnim	Sukhendu Shekhor Roy	Zulfiker Ali	VaxIN-db02	NNS Solution ltd		172.16.17.239	0000-00-00		0000-00-00							\N
300	United Nations Children’s Fu	127	0	0		UNICEF House,  Plot # E-30, Syed Mahbub Morshed Avenue, Sher-E-Bangla Nagar, Agargaon, Dhaka-1207, Banglades	1755621894	mparvez@unicef.org	Masud Parvez		Health Officer (eHMIS)	1755621894	\N	\N	\N	\N																	Production	Powered On	VaxIN-blockchain01		4		8 GB		114.22 GB				RAID 0	Ubuntu Linux (64-bit)		Open Source				Open source											Accept			0000-00-00	Accept		Approved & Deployed	Younus Jamil Rana	Kazi Fabliha Tasnim	Sukhendu Shekhor Roy	Zulfiker Ali	VaxIN-blockchain01	NNS Solution ltd		172.16.17.240	0000-00-00		0000-00-00							\N
301	United Nations Children’s Fu	127	0	0		UNICEF House,  Plot # E-30, Syed Mahbub Morshed Avenue, Sher-E-Bangla Nagar, Agargaon, Dhaka-1207, Banglades	1755621894	mparvez@unicef.org	Masud Parvez		Health Officer (eHMIS)	1755621894	\N	\N	\N	\N																	Production	Powered On	VaxIN-blockchain02		4		8 GB		114.24 GB				RAID 1	Ubuntu Linux (64-bit)		Open Source				Open source											Accept			0000-00-00	Accept		Approved & Deployed	Younus Jamil Rana	Kazi Fabliha Tasnim	Sukhendu Shekhor Roy	Zulfiker Ali	VaxIN-blockchain02	NNS Solution ltd		172.16.17.241	0000-00-00		0000-00-00							\N
302		127	0	0									\N	\N	\N	\N																	Production	Powered Off	opmanager		4		16 GB		317.21 GB				RAID 1	Microsoft Windows Server 2019 (64-bit)		Open Source				Open source											Accept			0000-00-00	Accept		Approved & Deployed	Younus Jamil Rana	Kazi Fabliha Tasnim	Sukhendu Shekhor Roy	Zulfiker Ali	opmanager	NNS Solution ltd			0000-00-00		0000-00-00							\N
303		127	0	0									\N	\N	\N	\N																	Production	Powered On	dc-sddc-aops-proxy.dghs.gov.bd		4		32 GB		201.25 GB				RAID 1	Other 3.x or later Linux (64-bit)		Open Source				Open source											Accept			0000-00-00	Accept		Approved & Deployed	Younus Jamil Rana	Kazi Fabliha Tasnim	Sukhendu Shekhor Roy	Zulfiker Ali	dc-sddc-aops-proxy.dghs.gov.bd	NNS Solution ltd		172.16.16.28	0000-00-00		0000-00-00							\N
304	MIS, DGHS	127	0	0		TB Gate, Mohakhali, Dhaka	01737230847	riaz.somc@mis.dghs.gov.bd	Dr. B. M. Riazul Islam		Deputy Chief (Medical) 	01737230847	\N	\N	\N	\N																	Production	Powered On	local-git		4		8 GB		218.16 GB				RAID 0	Ubuntu Linux (64-bit)		Open Source				Open source											Accept			0000-00-00	Accept		Approved & Deployed	Younus Jamil Rana	Kazi Fabliha Tasnim	Sukhendu Shekhor Roy	Zulfiker Ali	local-git	NNS Solution ltd		172.16.17.243	0000-00-00		0000-00-00							\N
305	MIS, DGHS	127	0	0		TB Gate, Mohakhali, Dhaka	01737230847	riaz.somc@mis.dghs.gov.bd	Dr. B. M. Riazul Islam		Deputy Chief (Medical) 	01737230847	\N	\N	\N	\N																	Production	Powered On	local-git-tm		4		8 GB		220.54 GB				RAID 1	Ubuntu Linux (64-bit)		Open Source				Open source											Accept			0000-00-00	Accept		Approved & Deployed	Younus Jamil Rana	Kazi Fabliha Tasnim	Sukhendu Shekhor Roy	Zulfiker Ali	local-git-tm	NNS Solution ltd		172.16.17.244	0000-00-00		0000-00-00							\N
306		127	0	0									\N	\N	\N	\N																	Production	Powered On	tanzu-bootstrap		4		16 GB		217.87 GB				RAID 1	CentOS 8 (64-bit)		Open Source				Open source											Accept			0000-00-00	Accept		Approved & Deployed	Younus Jamil Rana	Kazi Fabliha Tasnim	Sukhendu Shekhor Roy	Zulfiker Ali	tanzu-bootstrap	NNS Solution ltd		172.16.16.200	0000-00-00		0000-00-00							\N
307		127	0	0									\N	\N	\N	\N																	Production	Powered On	vyos		4		16 GB		21.54 GB				RAID 0	Debian GNU/Linux 10 (64-bit)		Open Source				Open source											Accept			0000-00-00	Accept		Approved & Deployed	Younus Jamil Rana	Kazi Fabliha Tasnim	Sukhendu Shekhor Roy	Zulfiker Ali	vyos	NNS Solution ltd		192.168.71.2	0000-00-00		0000-00-00							\N
308		127	0	0									\N	\N	\N	\N																	Production	Powered On	horizon-ad.dghsvdi.com		4		8 GB		169.18 GB				RAID 1	Microsoft Windows Server 2016 or later (64-bit)		Open Source				Open source											Accept			0000-00-00	Accept		Approved & Deployed	Younus Jamil Rana	Kazi Fabliha Tasnim	Sukhendu Shekhor Roy	Zulfiker Ali	horizon-ad.dghsvdi.com	NNS Solution ltd		172.16.16.150	0000-00-00		0000-00-00							\N
309		127	0	0									\N	\N	\N	\N																	Production	Powered On	horizon-db.dghsvdi.com		4		16 GB		217.2 GB				RAID 1	Microsoft Windows Server 2016 or later (64-bit)		Open Source				Open source											Accept			0000-00-00	Accept		Approved & Deployed	Younus Jamil Rana	Kazi Fabliha Tasnim	Sukhendu Shekhor Roy	Zulfiker Ali	horizon-db.dghsvdi.com	NNS Solution ltd		172.16.16.161	0000-00-00		0000-00-00							\N
310		127	0	0									\N	\N	\N	\N																	Production	Powered Off	DESKTOP-7J5LA9M		4		8 GB		408.61 GB				RAID 1	Microsoft Windows 10 (64-bit)		Open Source				Open source											Accept			0000-00-00	Accept		Approved & Deployed	Younus Jamil Rana	Kazi Fabliha Tasnim	Sukhendu Shekhor Roy	Zulfiker Ali	DESKTOP-7J5LA9M	NNS Solution ltd			0000-00-00		0000-00-00							\N
311		127	0	0									\N	\N	\N	\N																	Production	Powered On	horizon-dhcp		4		10 GB		191.04 GB				RAID 0	Microsoft Windows Server 2022 (64-bit)		Open Source				Open source											Accept			0000-00-00	Accept		Approved & Deployed	Younus Jamil Rana	Kazi Fabliha Tasnim	Sukhendu Shekhor Roy	Zulfiker Ali	horizon-dhcp	NNS Solution ltd		192.168.10.2	0000-00-00		0000-00-00							\N
312		127	0	0									\N	\N	\N	\N																	Production	Powered On	mis-desktop01.dghsvdi.com		4		8 GB		808.95 GB				RAID 1	Microsoft Windows 10 (64-bit)		Open Source				Open source											Accept			0000-00-00	Accept		Approved & Deployed	Younus Jamil Rana	Kazi Fabliha Tasnim	Sukhendu Shekhor Roy	Zulfiker Ali	mis-desktop01.dghsvdi.com	NNS Solution ltd		192.168.10.10	0000-00-00		0000-00-00							\N
313		127	0	0									\N	\N	\N	\N																	Production	Powered On	mis-desktop02.dghsvdi.com		4		8 GB		809 GB				RAID 1	Microsoft Windows 10 (64-bit)		Open Source				Open source											Accept			0000-00-00	Accept		Approved & Deployed	Younus Jamil Rana	Kazi Fabliha Tasnim	Sukhendu Shekhor Roy	Zulfiker Ali	mis-desktop02.dghsvdi.com	NNS Solution ltd		192.168.10.11	0000-00-00		0000-00-00							\N
314		127	0	0									\N	\N	\N	\N																	Production	Powered On	mis-desktop08.dghsvdi.com		4		8 GB		809.38 GB				RAID 0	Microsoft Windows 10 (64-bit)		Open Source				Open source											Accept			0000-00-00	Accept		Approved & Deployed	Younus Jamil Rana	Kazi Fabliha Tasnim	Sukhendu Shekhor Roy	Zulfiker Ali	mis-desktop08.dghsvdi.com	NNS Solution ltd		192.168.10.17	0000-00-00		0000-00-00							\N
315		127	0	0									\N	\N	\N	\N																	Production	Powered On	mis-desktop07.dghsvdi.com		4		8 GB		809.1 GB				RAID 1	Microsoft Windows 10 (64-bit)		Open Source				Open source											Accept			0000-00-00	Accept		Approved & Deployed	Younus Jamil Rana	Kazi Fabliha Tasnim	Sukhendu Shekhor Roy	Zulfiker Ali	mis-desktop07.dghsvdi.com	NNS Solution ltd		192.168.10.16	0000-00-00		0000-00-00							\N
316		127	0	0									\N	\N	\N	\N																	Production	Powered On	mis-desktop09.dghsvdi.com		4		8 GB		809.06 GB				RAID 1	Microsoft Windows 10 (64-bit)		Open Source				Open source											Accept			0000-00-00	Accept		Approved & Deployed	Younus Jamil Rana	Kazi Fabliha Tasnim	Sukhendu Shekhor Roy	Zulfiker Ali	mis-desktop09.dghsvdi.com	NNS Solution ltd		192.168.10.56	0000-00-00		0000-00-00							\N
317		127	0	0									\N	\N	\N	\N																	Production	Powered On	mis-desktop10.dghsvdi.com		4		8 GB		809.06 GB				RAID 1	Microsoft Windows 10 (64-bit)		Open Source				Open source											Accept			0000-00-00	Accept		Approved & Deployed	Younus Jamil Rana	Kazi Fabliha Tasnim	Sukhendu Shekhor Roy	Zulfiker Ali	mis-desktop10.dghsvdi.com	NNS Solution ltd		192.168.10.59	0000-00-00		0000-00-00							\N
318		127	0	0									\N	\N	\N	\N																	Production	Powered On	mis-desktop06.dghsvdi.com		4		8 GB		809.06 GB				RAID 0	Microsoft Windows 10 (64-bit)		Open Source				Open source											Accept			0000-00-00	Accept		Approved & Deployed	Younus Jamil Rana	Kazi Fabliha Tasnim	Sukhendu Shekhor Roy	Zulfiker Ali	mis-desktop06.dghsvdi.com	NNS Solution ltd		192.168.10.15	0000-00-00		0000-00-00							\N
319		127	0	0									\N	\N	\N	\N																	Production	Powered On	mis-desktop03.dghsvdi.com		4		8 GB		809.02 GB				RAID 1	Microsoft Windows 10 (64-bit)		Open Source				Open source											Accept			0000-00-00	Accept		Approved & Deployed	Younus Jamil Rana	Kazi Fabliha Tasnim	Sukhendu Shekhor Roy	Zulfiker Ali	mis-desktop03.dghsvdi.com	NNS Solution ltd		192.168.10.12	0000-00-00		0000-00-00							\N
320		127	0	0									\N	\N	\N	\N																	Production	Powered On	mis-desktop05.dghsvdi.com		4		8 GB		809.36 GB				RAID 1	Microsoft Windows 10 (64-bit)		Open Source				Open source											Accept			0000-00-00	Accept		Approved & Deployed	Younus Jamil Rana	Kazi Fabliha Tasnim	Sukhendu Shekhor Roy	Zulfiker Ali	mis-desktop05.dghsvdi.com	NNS Solution ltd		192.168.10.14	0000-00-00		0000-00-00							\N
321		127	0	0									\N	\N	\N	\N																	Production	Powered On	mis-desktop04.dghsvdi.com		4		8 GB		809.03 GB				RAID 0	Microsoft Windows 10 (64-bit)		Open Source				Open source											Accept			0000-00-00	Accept		Approved & Deployed	Younus Jamil Rana	Kazi Fabliha Tasnim	Sukhendu Shekhor Roy	Zulfiker Ali	mis-desktop04.dghsvdi.com	NNS Solution ltd		192.168.10.13	0000-00-00		0000-00-00							\N
322	mPower Social Enterprises Ltd.	127	0	0		Nur Empori (Level-10) | House#77 | B#M | R#11 | Banani | Dhaka-1213 |	+88 01793544563	amsaif@mpower-social.com	A.M.Saif	Application	Project Manager	+88 01793544563	\N	\N	\N	\N																	Production	Powered On	vaxepiwebnode3		4		8 GB		108.18 GB				RAID 1	Ubuntu Linux (64-bit)		Open Source				Open source											Accept			0000-00-00	Accept		Approved & Deployed	Younus Jamil Rana	Kazi Fabliha Tasnim	Sukhendu Shekhor Roy	Zulfiker Ali	vaxepiwebnode3	NNS Solution ltd		172.16.18.95	0000-00-00		0000-00-00							\N
323	mPower Social Enterprises Ltd.	127	0	0		Nur Empori (Level-10) | House#77 | B#M | R#11 | Banani | Dhaka-1213 |	+88 01793544563	amsaif@mpower-social.com	A.M.Saif	Application	Project Manager	+88 01793544563	\N	\N	\N	\N																	Production	Powered On	vaxepiwebnode4		4		8 GB		108.19 GB				RAID 1	Ubuntu Linux (64-bit)		Open Source				Open source											Accept			0000-00-00	Accept		Approved & Deployed	Younus Jamil Rana	Kazi Fabliha Tasnim	Sukhendu Shekhor Roy	Zulfiker Ali	vaxepiwebnode4	NNS Solution ltd		172.16.18.96	0000-00-00		0000-00-00							\N
324	mPower Social Enterprises Ltd.	127	0	0		Nur Empori (Level-10) | House#77 | B#M | R#11 | Banani | Dhaka-1213 |	+88 01793544563	amsaif@mpower-social.com	A.M.Saif	Application	Project Manager	+88 01793544563	\N	\N	\N	\N																	Production	Powered On	iphn-archive		4		16 GB		122.23 GB				RAID 1	Ubuntu Linux (64-bit)		Open Source				Open source											Accept			0000-00-00	Accept		Approved & Deployed	Younus Jamil Rana	Kazi Fabliha Tasnim	Sukhendu Shekhor Roy	Zulfiker Ali	iphn-archive	NNS Solution ltd		172.16.18.104	0000-00-00		0000-00-00							\N
325	mPower Social Enterprises Ltd.	127	0	0		Nur Empori (Level-10) | House#77 | B#M | R#11 | Banani | Dhaka-1213 |	+88 01793544563	amsaif@mpower-social.com	A.M.Saif	Application	Project Manager	+88 01793544563	\N	\N	\N	\N																	Production	Powered On	bhe-archive		4		16 GB		124.23 GB				RAID 0	Ubuntu Linux (64-bit)		Open Source				Open source											Accept			0000-00-00	Accept		Approved & Deployed	Younus Jamil Rana	Kazi Fabliha Tasnim	Sukhendu Shekhor Roy	Zulfiker Ali	bhe-archive	NNS Solution ltd		172.16.18.105	0000-00-00		0000-00-00							\N
326		127	0	0									\N	\N	\N	\N																	Production	Powered On	pf-system		4		16 GB		6.02 TB				RAID 1	Ubuntu Linux (64-bit)		Open Source				Open source											Accept			0000-00-00	Accept		Approved & Deployed	Younus Jamil Rana	Kazi Fabliha Tasnim	Sukhendu Shekhor Roy	Zulfiker Ali	pf-system	NNS Solution ltd		172.16.18.109	0000-00-00		0000-00-00							\N
327	MIS,DGHS	127	0	0		TB Gate, Mohakhali, Dhaka	01714-005887	asif@head-blocks.com	Asif Atick		It Consultant	01714-005887	\N	\N	\N	\N																	Production	Powered On	shr-db01		4		16 GB		122.14 GB				RAID 1	Ubuntu Linux (64-bit)		Open Source				Open source											Accept			0000-00-00	Accept		Approved & Deployed	Younus Jamil Rana	Kazi Fabliha Tasnim	Sukhendu Shekhor Roy	Zulfiker Ali	shr-db01	NNS Solution ltd		172.16.17.188	0000-00-00		0000-00-00							\N
328		127	0	0									\N	\N	\N	\N																	Production	Powered On	hk-vm		4		8 GB		318.15 GB				RAID 0	Ubuntu Linux (64-bit)		Open Source				Open source											Accept			0000-00-00	Accept		Approved & Deployed	Younus Jamil Rana	Kazi Fabliha Tasnim	Sukhendu Shekhor Roy	Zulfiker Ali	hk-vm	NNS Solution ltd		172.16.18.111	0000-00-00		0000-00-00							\N
329		127	0	0									\N	\N	\N	\N																	Production	Powered On	rnd-vm		4		8 GB		212.14 GB				RAID 1	Ubuntu Linux (64-bit)		Open Source				Open source											Accept			0000-00-00	Accept		Approved & Deployed	Younus Jamil Rana	Kazi Fabliha Tasnim	Sukhendu Shekhor Roy	Zulfiker Ali	rnd-vm	NNS Solution ltd		172.16.18.114	0000-00-00		0000-00-00							\N
330		127	0	0									\N	\N	\N	\N																	Production	Powered On	rnd-vm		4		8 GB		212.14 GB				RAID 1	Ubuntu Linux (64-bit)		Open Source				Open source											Accept			0000-00-00	Accept		Approved & Deployed	Younus Jamil Rana	Kazi Fabliha Tasnim	Sukhendu Shekhor Roy	Zulfiker Ali	rnd-vm	NNS Solution ltd		172.16.18.115	0000-00-00		0000-00-00							\N
331		127	0	0									\N	\N	\N	\N																	Production	Powered On	vaccination-center-epi		3		6 GB		1.1 TB				RAID 1	Ubuntu Linux (64-bit)		Open Source				Open source											Accept			0000-00-00	Accept		Approved & Deployed	Younus Jamil Rana	Kazi Fabliha Tasnim	Sukhendu Shekhor Roy	Zulfiker Ali	vaccination-center-epi	NNS Solution ltd		172.16.17.39	0000-00-00		0000-00-00							\N
332		127	0	0									\N	\N	\N	\N																	Production	Powered On	smtp		3		8 GB		331.06 GB				RAID 0	CentOS 8 (64-bit)		Open Source				Open source											Accept			0000-00-00	Accept		Approved & Deployed	Younus Jamil Rana	Kazi Fabliha Tasnim	Sukhendu Shekhor Roy	Zulfiker Ali	smtp	NNS Solution ltd		172.16.17.98	0000-00-00		0000-00-00							\N
333		127	0	0		TB Gate, Mohakhali, Dhaka	01737230847	riaz.somc@mis.dghs.gov.bd	Dr. B. M. Riazul Islam		Deputy Chief (Medical) 	01737230847	\N	\N	\N	\N																	Production	Powered Off	sip-trunk		2		4 GB		76.36 GB				RAID 1	Ubuntu Linux (64-bit)		Open Source				Open source											Accept			0000-00-00	Accept		Approved & Deployed	Younus Jamil Rana	Kazi Fabliha Tasnim	Sukhendu Shekhor Roy	Zulfiker Ali	sip-trunk	NNS Solution ltd			0000-00-00		0000-00-00							\N
334		127	0	0									\N	\N	\N	\N																	Production	Powered On	bdris-proxy		2		6 GB		87.3 GB				RAID 1	Ubuntu Linux (64-bit)		Open Source				Open source											Accept			0000-00-00	Accept		Approved & Deployed	Younus Jamil Rana	Kazi Fabliha Tasnim	Sukhendu Shekhor Roy	Zulfiker Ali	bdris-proxy	NNS Solution ltd		172.16.17.128	0000-00-00		0000-00-00							\N
335		127	0	0									\N	\N	\N	\N																	Production	Powered Off			2		8 GB		171.55 GB				RAID 0	CentOS 4/5/6 (64-bit)		Open Source				Open source											Accept			0000-00-00	Accept		Approved & Deployed	Younus Jamil Rana	Kazi Fabliha Tasnim	Sukhendu Shekhor Roy	Zulfiker Ali		NNS Solution ltd			0000-00-00		0000-00-00							\N
336		127	0	0									\N	\N	\N	\N																	Production	Powered On	ad01.dghs.gov.bd		2		8 GB		108.25 GB				RAID 1	Microsoft Windows Server 2012 (64-bit)		Open Source				Open source											Accept			0000-00-00	Accept		Approved & Deployed	Younus Jamil Rana	Kazi Fabliha Tasnim	Sukhendu Shekhor Roy	Zulfiker Ali	ad01.dghs.gov.bd	NNS Solution ltd		172.16.16.209	0000-00-00		0000-00-00							\N
337	mPower Social Enterprises Ltd.	127	0	0		Nur Empori (Level-10) | House#77 | B#M | R#11 | Banani | Dhaka-1213 |	+88 01793544563	amsaif@mpower-social.com	A.M.Saif	Application	Project Manager	+88 01793544563	\N	\N	\N	\N																	Production	Powered On	vaxepiredisnode2		2		8 GB		118.32 GB				RAID 1	Ubuntu Linux (64-bit)		Open Source				Open source											Accept			0000-00-00	Accept		Approved & Deployed	Younus Jamil Rana	Kazi Fabliha Tasnim	Sukhendu Shekhor Roy	Zulfiker Ali	vaxepiredisnode2	NNS Solution ltd		172.16.17.173	0000-00-00		0000-00-00							\N
338	mPower Social Enterprises Ltd.	127	0	0		Nur Empori (Level-10) | House#77 | B#M | R#11 | Banani | Dhaka-1213 |	+88 01793544563	amsaif@mpower-social.com	A.M.Saif	Application	Project Manager	+88 01793544563	\N	\N	\N	\N																	Production	Powered On	dhis-covid19-report-proxy		2		8 GB		128.45 GB				RAID 1	Ubuntu Linux (64-bit)		Open Source				Open source											Accept			0000-00-00	Accept		Approved & Deployed	Younus Jamil Rana	Kazi Fabliha Tasnim	Sukhendu Shekhor Roy	Zulfiker Ali	dhis-covid19-report-proxy	NNS Solution ltd		103.247.238.181	0000-00-00		0000-00-00							\N
339	MIS,DGHS	127	0	0		TB Gate, Mohakhali, Dhaka	+880 1819-239241	hannan.khan@hispbd.org	Abdul Hannan Khan				\N	\N	\N	\N																	Production	Powered On	etracker		2		4 GB		204.59 GB				RAID 0	Ubuntu Linux (64-bit)		Open Source				Open source											Accept			0000-00-00	Accept		Approved & Deployed	Younus Jamil Rana	Kazi Fabliha Tasnim	Sukhendu Shekhor Roy	Zulfiker Ali	etracker	NNS Solution ltd		172.16.17.53	0000-00-00		0000-00-00							\N
340		127	0	0									\N	\N	\N	\N																	Production	Powered On	dghsproxy		2		8 GB		125.19 GB				RAID 1	Ubuntu Linux (64-bit)		Open Source				Open source											Accept			0000-00-00	Accept		Approved & Deployed	Younus Jamil Rana	Kazi Fabliha Tasnim	Sukhendu Shekhor Roy	Zulfiker Ali	dghsproxy	NNS Solution ltd		103.247.238.82	0000-00-00		0000-00-00							\N
341		127	0	0									\N	\N	\N	\N																	Production	Powered On	d4h-crvs		2		4 GB		508.26 GB				RAID 1	Ubuntu Linux (64-bit)		Open Source				Open source											Accept			0000-00-00	Accept		Approved & Deployed	Younus Jamil Rana	Kazi Fabliha Tasnim	Sukhendu Shekhor Roy	Zulfiker Ali	d4h-crvs	NNS Solution ltd		172.16.17.66	0000-00-00		0000-00-00							\N
342	United Nations Children’s Fu	127	0	0		Syed Mahbub Morshed Avenue, Sher-e-Bangla Nagar	1787665453	mmorshed@unicef.org>	Mohammad Shahnewaz Morshed	Nutrition Section	Nutrition Officer	?01796814632	\N	\N	\N	\N																	Production	Powered On	ancrs-redis01		2		8 GB		218.34 GB				RAID 0	Ubuntu Linux (64-bit)		Open Source				Open source											Accept			0000-00-00	Accept		Approved & Deployed	Younus Jamil Rana	Kazi Fabliha Tasnim	Sukhendu Shekhor Roy	Zulfiker Ali	ancrs-redis01	NNS Solution ltd		172.16.17.196	0000-00-00		0000-00-00							\N
343	United Nations Children’s Fu	127	0	0		Syed Mahbub Morshed Avenue, Sher-e-Bangla Nagar	1787665453	mmorshed@unicef.org>	Mohammad Shahnewaz Morshed	Nutrition Section	Nutrition Officer	?01796814632	\N	\N	\N	\N																	Production	Powered On	ancrs-jenkins		2		4 GB		214.33 GB				RAID 1	Ubuntu Linux (64-bit)		Open Source				Open source											Accept			0000-00-00	Accept		Approved & Deployed	Younus Jamil Rana	Kazi Fabliha Tasnim	Sukhendu Shekhor Roy	Zulfiker Ali	ancrs-jenkins	NNS Solution ltd		172.16.17.198	0000-00-00		0000-00-00							\N
344	United Nations Children’s Fu	127	0	0		Syed Mahbub Morshed Avenue, Sher-e-Bangla Nagar	1787665453	mmorshed@unicef.org>	Mohammad Shahnewaz Morshed	Nutrition Section	Nutrition Officer	?01796814632	\N	\N	\N	\N																	Production	Powered On	ancrs-db-bk		2		4 GB		1,014.74 GB				RAID 1	Ubuntu Linux (64-bit)		Open Source				Open source											Accept			0000-00-00	Accept		Approved & Deployed	Younus Jamil Rana	Kazi Fabliha Tasnim	Sukhendu Shekhor Roy	Zulfiker Ali	ancrs-db-bk	NNS Solution ltd		172.16.17.199	0000-00-00		0000-00-00							\N
345		127	0	0									\N	\N	\N	\N																	Production	Powered On	50app		2		4 GB		104.27 GB				RAID 1	CentOS 4/5 (64-bit)		Open Source				Open source											Accept			0000-00-00	Accept		Approved & Deployed	Younus Jamil Rana	Kazi Fabliha Tasnim	Sukhendu Shekhor Roy	Zulfiker Ali	50app	NNS Solution ltd		103.247.238.83	0000-00-00		0000-00-00							\N
346	MIS, DGHS	127	0	0		TB Gate, Mohakhali, Dhaka	01719235897	rajibpaul@mis.dghs.gov.bd	Rajib Paul	mis, DGHS	Consultant	01719235897	\N	\N	\N	\N																	Production	Powered On			2		4 GB		88.24 GB				RAID 0	Microsoft Windows Server 2016 or later (64-bit)		Open Source				Open source											Accept			0000-00-00	Accept		Approved & Deployed	Younus Jamil Rana	Kazi Fabliha Tasnim	Sukhendu Shekhor Roy	Zulfiker Ali		NNS Solution ltd			0000-00-00		0000-00-00							\N
347		127	0	0									\N	\N	\N	\N																	Production	Powered On	blood-bank-mgmt		2		4 GB		204.36 GB				RAID 1	Ubuntu Linux (64-bit)		Open Source				Open source											Accept			0000-00-00	Accept		Approved & Deployed	Younus Jamil Rana	Kazi Fabliha Tasnim	Sukhendu Shekhor Roy	Zulfiker Ali	blood-bank-mgmt	NNS Solution ltd		172.16.17.95	0000-00-00		0000-00-00							\N
348		127	0	0									\N	\N	\N	\N																	Production	Powered Off	dghs-app2.dghs.gov.bd		2		6 GB		166.09 GB				RAID 1	CentOS 4/5/6 (64-bit)		Open Source				Open source											Accept			0000-00-00	Accept		Approved & Deployed	Younus Jamil Rana	Kazi Fabliha Tasnim	Sukhendu Shekhor Roy	Zulfiker Ali	dghs-app2.dghs.gov.bd	NNS Solution ltd			0000-00-00		0000-00-00							\N
349		127	0	0									\N	\N	\N	\N																	Production	Powered On	ns1.dghs.gov.bd		2		4 GB		164.42 GB				RAID 0	CentOS 6 (64-bit)		Open Source				Open source											Accept			0000-00-00	Accept		Approved & Deployed	Younus Jamil Rana	Kazi Fabliha Tasnim	Sukhendu Shekhor Roy	Zulfiker Ali	ns1.dghs.gov.bd	NNS Solution ltd		103.247.238.101	0000-00-00		0000-00-00							\N
350		127	0	0									\N	\N	\N	\N																	Production	Powered On	icddrb-fs		2		8 GB		172.62 GB				RAID 1	CentOS 6 (64-bit)		Open Source				Open source											Accept			0000-00-00	Accept		Approved & Deployed	Younus Jamil Rana	Kazi Fabliha Tasnim	Sukhendu Shekhor Roy	Zulfiker Ali	icddrb-fs	NNS Solution ltd		103.247.238.66	0000-00-00		0000-00-00							\N
351		127	0	0									\N	\N	\N	\N																	Production	Powered Off	cm-hie.dghs.gov.bd		2		8 GB		169.54 GB				RAID 1	CentOS 4/5/6 (64-bit)		Open Source				Open source											Accept			0000-00-00	Accept		Approved & Deployed	Younus Jamil Rana	Kazi Fabliha Tasnim	Sukhendu Shekhor Roy	Zulfiker Ali	cm-hie.dghs.gov.bd	NNS Solution ltd			0000-00-00		0000-00-00							\N
352		127	0	0									\N	\N	\N	\N																	Production	Powered Off	ci-log.dghs.gov.bd		2		8 GB		169.99 GB				RAID 1	CentOS 4/5/6 (64-bit)		Open Source				Open source											Accept			0000-00-00	Accept		Approved & Deployed	Younus Jamil Rana	Kazi Fabliha Tasnim	Sukhendu Shekhor Roy	Zulfiker Ali	ci-log.dghs.gov.bd	NNS Solution ltd			0000-00-00		0000-00-00							\N
353		127	0	0									\N	\N	\N	\N																	Production	Powered Off	ci-hie.dghs.gov.bd		2		8 GB		169.38 GB				RAID 0	CentOS 4/5/6 (64-bit)		Open Source				Open source											Accept			0000-00-00	Accept		Approved & Deployed	Younus Jamil Rana	Kazi Fabliha Tasnim	Sukhendu Shekhor Roy	Zulfiker Ali	ci-hie.dghs.gov.bd	NNS Solution ltd			0000-00-00		0000-00-00							\N
354		127	0	0									\N	\N	\N	\N																	Production	Powered Off	chw01.dghs.gov.bd		2		8 GB		168.83 GB				RAID 1	CentOS 4/5/6 (64-bit)		Open Source				Open source											Accept			0000-00-00	Accept		Approved & Deployed	Younus Jamil Rana	Kazi Fabliha Tasnim	Sukhendu Shekhor Roy	Zulfiker Ali	chw01.dghs.gov.bd	NNS Solution ltd			0000-00-00		0000-00-00							\N
355		127	0	0									\N	\N	\N	\N																	Production	Powered Off	chw02.dghs.gov.bd		2		8 GB		169.85 GB				RAID 1	CentOS 4/5/6 (64-bit)		Open Source				Open source											Accept			0000-00-00	Accept		Approved & Deployed	Younus Jamil Rana	Kazi Fabliha Tasnim	Sukhendu Shekhor Roy	Zulfiker Ali	chw02.dghs.gov.bd	NNS Solution ltd			0000-00-00		0000-00-00							\N
356		127	0	0									\N	\N	\N	\N																	Production	Powered Off	chw03.dghs.gov.bd		2		8 GB		169.08 GB				RAID 0	CentOS 4/5/6 (64-bit)		Open Source				Open source											Accept			0000-00-00	Accept		Approved & Deployed	Younus Jamil Rana	Kazi Fabliha Tasnim	Sukhendu Shekhor Roy	Zulfiker Ali	chw03.dghs.gov.bd	NNS Solution ltd			0000-00-00		0000-00-00							\N
357		127	0	0									\N	\N	\N	\N																	Production	Powered Off			2		8 GB		168.63 GB				RAID 1	CentOS 4/5/6 (64-bit)		Open Source				Open source											Accept			0000-00-00	Accept		Approved & Deployed	Younus Jamil Rana	Kazi Fabliha Tasnim	Sukhendu Shekhor Roy	Zulfiker Ali		NNS Solution ltd			0000-00-00		0000-00-00							\N
358		127	0	0									\N	\N	\N	\N																	Production	Powered On	openmrs02.dghs.gov.bd		2		8 GB		172.57 GB				RAID 1	CentOS 4/5/6 (64-bit)		Open Source				Open source											Accept			0000-00-00	Accept		Approved & Deployed	Younus Jamil Rana	Kazi Fabliha Tasnim	Sukhendu Shekhor Roy	Zulfiker Ali	openmrs02.dghs.gov.bd	NNS Solution ltd		172.16.17.27	0000-00-00		0000-00-00							\N
359		127	0	0									\N	\N	\N	\N																	Production	Powered On			2		8 GB		168.41 GB				RAID 1	CentOS 4/5 (64-bit)		Open Source				Open source											Accept			0000-00-00	Accept		Approved & Deployed	Younus Jamil Rana	Kazi Fabliha Tasnim	Sukhendu Shekhor Roy	Zulfiker Ali		NNS Solution ltd			0000-00-00		0000-00-00							\N
360		127	0	0									\N	\N	\N	\N																	Production	Powered Off	chw-stage.dghs.gov.bd		2		8 GB		172.04 GB				RAID 0	CentOS 4/5/6 (64-bit)		Open Source				Open source											Accept			0000-00-00	Accept		Approved & Deployed	Younus Jamil Rana	Kazi Fabliha Tasnim	Sukhendu Shekhor Roy	Zulfiker Ali	chw-stage.dghs.gov.bd	NNS Solution ltd			0000-00-00		0000-00-00							\N
361		127	0	0									\N	\N	\N	\N																	Production	Powered On	chw-stage02.dghs.gov.bd		2		8 GB		168.28 GB				RAID 1	CentOS 4/5/6 (64-bit)		Open Source				Open source											Accept			0000-00-00	Accept		Approved & Deployed	Younus Jamil Rana	Kazi Fabliha Tasnim	Sukhendu Shekhor Roy	Zulfiker Ali	chw-stage02.dghs.gov.bd	NNS Solution ltd		172.16.22.24	0000-00-00		0000-00-00							\N
362		127	0	0									\N	\N	\N	\N																	Production	Powered On			2		8 GB		168.4 GB				RAID 1	CentOS 4/5/6 (64-bit)		Open Source				Open source											Accept			0000-00-00	Accept		Approved & Deployed	Younus Jamil Rana	Kazi Fabliha Tasnim	Sukhendu Shekhor Roy	Zulfiker Ali		NNS Solution ltd			0000-00-00		0000-00-00							\N
363		127	0	0									\N	\N	\N	\N																	Production	Powered Off	eregistry-proxy		2		4 GB		106.73 GB				RAID 0	Ubuntu Linux (64-bit)		Open Source				Open source											Accept			0000-00-00	Accept		Approved & Deployed	Younus Jamil Rana	Kazi Fabliha Tasnim	Sukhendu Shekhor Roy	Zulfiker Ali	eregistry-proxy	NNS Solution ltd			0000-00-00		0000-00-00							\N
364	MIS, DGHS	127	0	99		TB Gate, Mohakhali, Dhaka	1746638483	raihan@activationltd.com	Raihan Sikder		CEO (Activition)	1711731891	\N	\N	\N	\N																	Production	Powered Off			2		4 GB		124.45 GB				RAID 1	CentOS 4/5/6 (64-bit)		Open Source				Open source											Accept			0000-00-00	Accept		Approved & Deployed	Younus Jamil Rana	Kazi Fabliha Tasnim	Sukhendu Shekhor Roy	Zulfiker Ali		NNS Solution ltd			0000-00-00		0000-00-00							\N
365		127	0	0									\N	\N	\N	\N																	Production	Powered On	proxy-hie.dghs.gov.bd		2		8 GB		168.64 GB				RAID 1	CentOS 4/5/6 (64-bit)		Open Source				Open source											Accept			0000-00-00	Accept		Approved & Deployed	Younus Jamil Rana	Kazi Fabliha Tasnim	Sukhendu Shekhor Roy	Zulfiker Ali	proxy-hie.dghs.gov.bd	NNS Solution ltd		172.16.21.21	0000-00-00		0000-00-00							\N
366		127	0	0		MIS,DGHS		TB Gate, Mohakhali, Dhaka	+880 1719-235897	rajibpaul@mis.dghs.gov.bd	Rajib Paul		\N	\N	\N	\N																	Production	Powered On	localweb.dghs.gov.bd		2		16 GB		116.48 GB				RAID 1	CentOS 4/5/6 (64-bit)		Open Source				Open source											Accept			0000-00-00	Accept		Approved & Deployed	Younus Jamil Rana	Kazi Fabliha Tasnim	Sukhendu Shekhor Roy	Zulfiker Ali	localweb.dghs.gov.bd	NNS Solution ltd		103.247.238.178	0000-00-00		0000-00-00							\N
367	MIS,DGHS	127	0	0		TB Gate, Mohakhali, Dhaka	01714-005887	asif@head-blocks.com	Asif Atick		It Consultant	01714-005887	\N	\N	\N	\N																	Production	Powered On	mci-stage.dghs.gov.bd		2		8 GB		170.59 GB				RAID 0	CentOS 4/5/6 (64-bit)		Open Source				Open source											Accept			0000-00-00	Accept		Approved & Deployed	Younus Jamil Rana	Kazi Fabliha Tasnim	Sukhendu Shekhor Roy	Zulfiker Ali	mci-stage.dghs.gov.bd	NNS Solution ltd		172.16.22.26	0000-00-00		0000-00-00							\N
368	MIS,DGHS	127	0	0		TB Gate, Mohakhali, Dhaka	01714-005887	asif@head-blocks.com	Asif Atick		It Consultant	01714-005887	\N	\N	\N	\N																	Production	Powered On	mci01.dghs.gov.bd		2		8 GB		168.3 GB				RAID 1	CentOS 4/5/6 (64-bit)		Open Source				Open source											Accept			0000-00-00	Accept		Approved & Deployed	Younus Jamil Rana	Kazi Fabliha Tasnim	Sukhendu Shekhor Roy	Zulfiker Ali	mci01.dghs.gov.bd	NNS Solution ltd		172.16.21.23	0000-00-00		0000-00-00							\N
369	MIS,DGHS	127	0	0		TB Gate, Mohakhali, Dhaka	01714-005887	asif@head-blocks.com	Asif Atick		It Consultant	01714-005887	\N	\N	\N	\N																	Production	Powered On	mci02.dghs.gov.bd		2		8 GB		168.8 GB				RAID 1	CentOS 4/5/6 (64-bit)		Open Source				Open source											Accept			0000-00-00	Accept		Approved & Deployed	Younus Jamil Rana	Kazi Fabliha Tasnim	Sukhendu Shekhor Roy	Zulfiker Ali	mci02.dghs.gov.bd	NNS Solution ltd		172.16.21.29	0000-00-00		0000-00-00							\N
370		127	0	0									\N	\N	\N	\N																	Production	Powered On	ntcp		2		8 GB		1.77 TB				RAID 0	Ubuntu Linux (64-bit)		Open Source				Open source											Accept			0000-00-00	Accept		Approved & Deployed	Younus Jamil Rana	Kazi Fabliha Tasnim	Sukhendu Shekhor Roy	Zulfiker Ali	ntcp	NNS Solution ltd		172.16.17.45	0000-00-00		0000-00-00							\N
371		127	0	0									\N	\N	\N	\N																	Production	Powered Off			2		8 GB		228.45 GB				RAID 1	CentOS 4/5/6 (64-bit)		Open Source				Open source											Accept			0000-00-00	Accept		Approved & Deployed	Younus Jamil Rana	Kazi Fabliha Tasnim	Sukhendu Shekhor Roy	Zulfiker Ali		NNS Solution ltd			0000-00-00		0000-00-00							\N
372		127	0	0									\N	\N	\N	\N																	Production	Powered Off			2		8 GB		168.41 GB				RAID 1	CentOS 4/5/6 (64-bit)		Open Source				Open source											Accept			0000-00-00	Accept		Approved & Deployed	Younus Jamil Rana	Kazi Fabliha Tasnim	Sukhendu Shekhor Roy	Zulfiker Ali		NNS Solution ltd			0000-00-00		0000-00-00							\N
373	MIS,DGHS	127	0	0		TB Gate, Mohakhali, Dhaka	01714-005887	asif@head-blocks.com	Asif Atick		It Consultant	01714-005887	\N	\N	\N	\N																	Production	Powered Off	shr01.dghs.gov.bd		2		8 GB		168.7 GB				RAID 1	CentOS 4/5/6 (64-bit)		Open Source				Open source											Accept			0000-00-00	Accept		Approved & Deployed	Younus Jamil Rana	Kazi Fabliha Tasnim	Sukhendu Shekhor Roy	Zulfiker Ali	shr01.dghs.gov.bd	NNS Solution ltd			0000-00-00		0000-00-00							\N
374	MIS,DGHS	127	0	0		TB Gate, Mohakhali, Dhaka	01714-005887	asif@head-blocks.com	Asif Atick		It Consultant	01714-005887	\N	\N	\N	\N																	Production	Powered On	shr-stage.dghs.gov.bd		2		8 GB		168.9 GB				RAID 0	CentOS 4/5/6 (64-bit)		Open Source				Open source											Accept			0000-00-00	Accept		Approved & Deployed	Younus Jamil Rana	Kazi Fabliha Tasnim	Sukhendu Shekhor Roy	Zulfiker Ali	shr-stage.dghs.gov.bd	NNS Solution ltd		172.16.22.22	0000-00-00		0000-00-00							\N
375		127	0	0									\N	\N	\N	\N																	Production	Powered Off			2		8 GB		128.28 GB				RAID 1	Ubuntu Linux (64-bit)		Open Source				Open source											Accept			0000-00-00	Accept		Approved & Deployed	Younus Jamil Rana	Kazi Fabliha Tasnim	Sukhendu Shekhor Roy	Zulfiker Ali		NNS Solution ltd			0000-00-00		0000-00-00							\N
376		127	0	0									\N	\N	\N	\N																	Production	Powered Off			2		8 GB		152.63 GB				RAID 1	Microsoft Windows Server 2008 R2 (64-bit)		Open Source				Open source											Accept			0000-00-00	Accept		Approved & Deployed	Younus Jamil Rana	Kazi Fabliha Tasnim	Sukhendu Shekhor Roy	Zulfiker Ali		NNS Solution ltd			0000-00-00		0000-00-00							\N
377		127	0	0									\N	\N	\N	\N																	Production	Powered Off			2		8 GB		208.64 GB				RAID 0	Microsoft Windows Server 2008 R2 (64-bit)		Open Source				Open source											Accept			0000-00-00	Accept		Approved & Deployed	Younus Jamil Rana	Kazi Fabliha Tasnim	Sukhendu Shekhor Roy	Zulfiker Ali		NNS Solution ltd			0000-00-00		0000-00-00							\N
378		127	0	0		TB Gate, Mohakhali, Dhaka	01737230847	riaz.somc@mis.dghs.gov.bd	Dr. B. M. Riazul Islam		Deputy Chief (Medical) 	01737230847	\N	\N	\N	\N																	Production	Powered On	openid		2		4 GB		75.29 GB				RAID 1	Ubuntu Linux (64-bit)		Open Source				Open source											Accept			0000-00-00	Accept		Approved & Deployed	Younus Jamil Rana	Kazi Fabliha Tasnim	Sukhendu Shekhor Roy	Zulfiker Ali	openid	NNS Solution ltd		172.16.17.136	0000-00-00		0000-00-00							\N
379		127	0	0									\N	\N	\N	\N																	Production	Powered Off			2		4 GB		54.27 GB				RAID 0	Microsoft Windows 2000		Open Source				Open source											Accept			0000-00-00	Accept		Approved & Deployed	Younus Jamil Rana	Kazi Fabliha Tasnim	Sukhendu Shekhor Roy	Zulfiker Ali		NNS Solution ltd			0000-00-00		0000-00-00							\N
380		127	0	0									\N	\N	\N	\N																	Production	Powered On	ns2.dghs.gov.bd		2		4 GB		65.48 GB				RAID 1	CentOS 6 (64-bit)		Open Source				Open source											Accept			0000-00-00	Accept		Approved & Deployed	Younus Jamil Rana	Kazi Fabliha Tasnim	Sukhendu Shekhor Roy	Zulfiker Ali	ns2.dghs.gov.bd	NNS Solution ltd		103.247.238.102	0000-00-00		0000-00-00							\N
381	mPower Social Enterprises Ltd.	127	0	0		Nur Empori (Level-10) | House#77 | B#M | R#11 | Banani | Dhaka-1213 |	+88 01793544563	amsaif@mpower-social.com	A.M.Saif	Application	Project Manager	+88 01793544563	\N	\N	\N	\N																	Production	Powered On	vaxepidghsprodmgm		1		2 GB		46.26 GB				RAID 1	Ubuntu Linux (64-bit)		Open Source				Open source											Accept			0000-00-00	Accept		Approved & Deployed	Younus Jamil Rana	Kazi Fabliha Tasnim	Sukhendu Shekhor Roy	Zulfiker Ali	vaxepidghsprodmgm	NNS Solution ltd		172.16.17.163	0000-00-00		0000-00-00							\N
382	mPower Social Enterprises Ltd.	127	0	0		Nur Empori (Level-10) | House#77 | B#M | R#11 | Banani | Dhaka-1213 |	+88 01793544563	amsaif@mpower-social.com	A.M.Saif	Application	Project Manager	+88 01793544563	\N	\N	\N	\N																	Production	Powered On	dhcp-mis.dghs.gov.bd		1		2 GB		63.77 GB				RAID 1	CentOS 4/5/6 (64-bit)		Open Source				Open source											Accept			0000-00-00	Accept		Approved & Deployed	Younus Jamil Rana	Kazi Fabliha Tasnim	Sukhendu Shekhor Roy	Zulfiker Ali	dhcp-mis.dghs.gov.bd	NNS Solution ltd		192.168.11.2	0000-00-00		0000-00-00							\N
383		127	0	0									\N	\N	\N	\N																	Production	Powered On	dhcp-main.dghs.gov.bd		1		2 GB		63.91 GB				RAID 0	CentOS 4/5/6 (64-bit)		Open Source				Open source											Accept			0000-00-00	Accept		Approved & Deployed	Younus Jamil Rana	Kazi Fabliha Tasnim	Sukhendu Shekhor Roy	Zulfiker Ali	dhcp-main.dghs.gov.bd	NNS Solution ltd		192.168.12.2	0000-00-00		0000-00-00							\N
384		127	0	0									\N	\N	\N	\N																	Production	Powered On	archive		1		4 GB		127.45 GB				RAID 1	Ubuntu Linux (64-bit)		Open Source				Open source											Accept			0000-00-00	Accept		Approved & Deployed	Younus Jamil Rana	Kazi Fabliha Tasnim	Sukhendu Shekhor Roy	Zulfiker Ali	archive	NNS Solution ltd		103.247.238.73	0000-00-00		0000-00-00							\N
541	MIS DGHS	1	0	98	•	Without DGHSs managements prior written approval Data Center management personnel of DGHS will not provide management access to the server from the internet.<br/>\
•	All required information must be filled up by the requester of the server.<br/>\
•	Server deployment will be done after approval from DGHS MIS authority.<br/>\
•	The requester must ensure that their software or web application does not contain any malicious code, vulnerabilities, or defects that could compromise the security, stability, or performance of the server or the network.<br/>\
•	All applications deployed on the server must comply with established national and international industry security standards and best practices.<br/>\
•	The service owner will be responsible for any harm caused by their software or web application, including data breaches, service disruptions, or unauthorized access resulting from the application.<br/>\
•	The service owner must test their software for risks/vulnerabilities before deployment and a report will be submitted to MIS.<br/>\
•	Required patch update or anything needful to ensure cyber security must be done by developer or organization.<br/>\
•	In the case of API integration, the service owner must comply with all terms and conditions as outlined in the API contract.<br/>\
•	DGHS will perform centralized backup (minimum 24 hour interval) of data from the above specified location only and the data will be retained as per retention policy.<br/>\
•	For DB backup, Database Administrator is fully responsible for storing the dump files into the defined backup directory as per above specified RPO time interval.<br/>\
•	RPO (Recovery Point Objective) is the maximum time of data loss that can tolerate.<br/>\
•	Basic installation of OS will be done by DGHS. In case of any specific package installation/configuration will be required, then DGHS will provide console login to the server so that application vendor can install OS/packages of their own.<br/>\
•	Each deployed system must undergo an half yearly review and renewal process. The service owner must submit a renewal request. Failure to renew within the stipulated period may result in suspension or decommissioning of the system.<br/>\
•	If the system is no longer in use for any reason, then the system owner will inform to MIS, DGHS.<br/>\
By signing below, the service owner agrees to the above terms and confirms compliance with the stated conditions.<br/>\
            	DGHS, Mohakhali, Dhaka			Dr. MD ZAHIDUL ISLAM	MIS	OSD	01715121973	sofordar@mis.dghs.gov.bd	Dr. MD ZAHIDUL ISLAM	OSD	01715121973	sofordar@mis.dghs.gov.bd	Dr. MD ZAHIDUL ISLAM	OSD	01715121973	sofordar@mis.dghs.gov.bd	Crystal Technology Bangladesh	Green Road	01849457282	mostafakhulna84@gmail.com	Production	Biometric Data Collection		NA	NA	NA	NA	Production		Application		8 cores		16 GB		20 GB		500 GB		\N	Ubuntu	22.04	Open Source	NA	dghs.gov.bd	MIS	Paid	Internet Access							20 GB	Requester	Hourly	accept	Dr. Md. Zahidul Islam	1625005159_1753607559.jpg	2025-11-10	accept		Approved & Deployed	Younus Jamil Rana	Kazi Fabliha Tasnim	Sukhendu Shekhor Roy	Zulfiker Ali	zkt-biometric	NNS Solution Ltd\
	2025-11-10  12:30PM	Server name: zkt-biometric\
Server IP : 172.16.18.168\
OS : Ubuntu 22.04\
CPU : 24\
Memory : 16G\
Storage :500+20 GB\
Username; root/ mishelth	2025-11-10	ZKT Biometric Server	2026-06-30	Yes	NA	NA	NA	NA		\N
542	MIS DGHS	1	0	98	•	Without DGHSs managements prior written approval Data Center management personnel of DGHS will not provide management access to the server from the internet.<br/>\
•	All required information must be filled up by the requester of the server.<br/>\
•	Server deployment will be done after approval from DGHS MIS authority.<br/>\
•	The requester must ensure that their software or web application does not contain any malicious code, vulnerabilities, or defects that could compromise the security, stability, or performance of the server or the network.<br/>\
•	All applications deployed on the server must comply with established national and international industry security standards and best practices.<br/>\
•	The service owner will be responsible for any harm caused by their software or web application, including data breaches, service disruptions, or unauthorized access resulting from the application.<br/>\
•	The service owner must test their software for risks/vulnerabilities before deployment and a report will be submitted to MIS.<br/>\
•	Required patch update or anything needful to ensure cyber security must be done by developer or organization.<br/>\
•	In the case of API integration, the service owner must comply with all terms and conditions as outlined in the API contract.<br/>\
•	DGHS will perform centralized backup (minimum 24 hour interval) of data from the above specified location only and the data will be retained as per retention policy.<br/>\
•	For DB backup, Database Administrator is fully responsible for storing the dump files into the defined backup directory as per above specified RPO time interval.<br/>\
•	RPO (Recovery Point Objective) is the maximum time of data loss that can tolerate.<br/>\
•	Basic installation of OS will be done by DGHS. In case of any specific package installation/configuration will be required, then DGHS will provide console login to the server so that application vendor can install OS/packages of their own.<br/>\
•	Each deployed system must undergo an half yearly review and renewal process. The service owner must submit a renewal request. Failure to renew within the stipulated period may result in suspension or decommissioning of the system.<br/>\
•	If the system is no longer in use for any reason, then the system owner will inform to MIS, DGHS.<br/>\
By signing below, the service owner agrees to the above terms and confirms compliance with the stated conditions.<br/>\
            	Mohakhali DHAKA			DR MD ZAHIDUL ISLAM	MIS	OSD	01715121973	sofordar@mis.dghs.gov.bd	DR MD ZAHIDUL ISLAM	OSD	01715121973	sofordar@mis.dghs.gov.bd	NA	NA	0	NA	HISP Bangladesh	Mohakhali-DOHS	01819239241	hannan.khan@hispbd.org	Production	Will work faster		DHIS2	DHIS2	Prostgress	NA	Production		Application		Other	24	Other	48GB	Other	4GB	500 GB		\N	UBUNTU 24.04 LTS	24.04 LTS	Open Source	DHIS2	NA	MIS	Paid	Internet Access							Other	MIS	Daily	accept	Dr. Md. Zahidul Islam	1625005159_1753607559.jpg	2025-11-10	accept	0	Approved & Deployed	Younus Jamil Rana	Kazi Fabliha Tasnim	Sukhendu Shekhor Roy	Zulfiker Ali	dsis2-cntrl-app02	NNS Solution Ltd\
\
	2025-11-10  12:30PM	Server name: dsis2-cntrl-app02\
Server IP : 172.16.18.169\
OS : Ubuntu 24.04\
CPU : 24\
Memory : 48G\
Storage :520 GB + 50 GB\
Username; root/ mishelth	2025-11-10	Central Server Tracker and Event	2026-06-30	Yes	NA	NA	NA	NA		\N
543	MIS DGHS	1	0	98	•	Without DGHSs managements prior written approval Data Center management personnel of DGHS will not provide management access to the server from the internet.<br/>\
•	All required information must be filled up by the requester of the server.<br/>\
•	Server deployment will be done after approval from DGHS MIS authority.<br/>\
•	The requester must ensure that their software or web application does not contain any malicious code, vulnerabilities, or defects that could compromise the security, stability, or performance of the server or the network.<br/>\
•	All applications deployed on the server must comply with established national and international industry security standards and best practices.<br/>\
•	The service owner will be responsible for any harm caused by their software or web application, including data breaches, service disruptions, or unauthorized access resulting from the application.<br/>\
•	The service owner must test their software for risks/vulnerabilities before deployment and a report will be submitted to MIS.<br/>\
•	Required patch update or anything needful to ensure cyber security must be done by developer or organization.<br/>\
•	In the case of API integration, the service owner must comply with all terms and conditions as outlined in the API contract.<br/>\
•	DGHS will perform centralized backup (minimum 24 hour interval) of data from the above specified location only and the data will be retained as per retention policy.<br/>\
•	For DB backup, Database Administrator is fully responsible for storing the dump files into the defined backup directory as per above specified RPO time interval.<br/>\
•	RPO (Recovery Point Objective) is the maximum time of data loss that can tolerate.<br/>\
•	Basic installation of OS will be done by DGHS. In case of any specific package installation/configuration will be required, then DGHS will provide console login to the server so that application vendor can install OS/packages of their own.<br/>\
•	Each deployed system must undergo an half yearly review and renewal process. The service owner must submit a renewal request. Failure to renew within the stipulated period may result in suspension or decommissioning of the system.<br/>\
•	If the system is no longer in use for any reason, then the system owner will inform to MIS, DGHS.<br/>\
By signing below, the service owner agrees to the above terms and confirms compliance with the stated conditions.<br/>\
            	Mohakhali DHAKA			DR MD ZAHIDUL ISLAM	MIS	OSD	01715121973	sofordar@mis.dghs.gov.bd	DR MD ZAHIDUL ISLAM	OSD	01715121973	sofordar@mis.dghs.gov.bd	NA	NA	0	NA	HISP Bangladesh	Mohakhali-DOHS	01819239241	hannan.khan@hispbd.org	Production	Will work faster		DHIS2	DHIS2	Postgres	NA	Production		Database		Other	32	Other	78GB	Other	4GB	Other	3TB	\N	UBUNTU 24.04 LTS	24.04 LTS	Open Source	NA	NA	MIS	Paid	Internet Access							Other	MIS	Daily	accept	Dr. Md. Zahidul Islam	1625005159_1753607559.jpg	2025-11-10	accept	0	Approved & Deployed	Younus Jamil Rana	Kazi Fabliha Tasnim	Sukhendu Shekhor Roy	Zulfiker Ali	dsis2-cntrl-db02	NNS Solution Ltd\
	2025-11-10  12:30PM	Server name: dsis2-cntrl-db02\
Server IP : 172.16.18.170\
OS : Ubuntu 24.04\
CPU : 32\
Memory : 78G\
Storage :3TB GB + 50 GB\
Username; root/ mishelth\
Password: Spdhtmmfesb118	2025-11-10	Central Server Tracker and Event	2026-06-30	Yes	NA	NA	NA	NA		\N
544	DGHS	1	0	107	•	Without DGHSs managements prior written approval Data Center management personnel of DGHS will not provide management access to the server from the internet.<br/>\
•	All required information must be filled up by the requester of the server.<br/>\
•	Server deployment will be done after approval from DGHS MIS authority.<br/>\
•	The requester must ensure that their software or web application does not contain any malicious code, vulnerabilities, or defects that could compromise the security, stability, or performance of the server or the network.<br/>\
•	All applications deployed on the server must comply with established national and international industry security standards and best practices.<br/>\
•	The service owner will be responsible for any harm caused by their software or web application, including data breaches, service disruptions, or unauthorized access resulting from the application.<br/>\
•	The service owner must test their software for risks/vulnerabilities before deployment and a report will be submitted to MIS.<br/>\
•	Required patch update or anything needful to ensure cyber security must be done by developer or organization.<br/>\
•	In the case of API integration, the service owner must comply with all terms and conditions as outlined in the API contract.<br/>\
•	DGHS will perform centralized backup (minimum 24 hour interval) of data from the above specified location only and the data will be retained as per retention policy.<br/>\
•	For DB backup, Database Administrator is fully responsible for storing the dump files into the defined backup directory as per above specified RPO time interval.<br/>\
•	RPO (Recovery Point Objective) is the maximum time of data loss that can tolerate.<br/>\
•	Basic installation of OS will be done by DGHS. In case of any specific package installation/configuration will be required, then DGHS will provide console login to the server so that application vendor can install OS/packages of their own.<br/>\
•	Each deployed system must undergo an half yearly review and renewal process. The service owner must submit a renewal request. Failure to renew within the stipulated period may result in suspension or decommissioning of the system.<br/>\
•	If the system is no longer in use for any reason, then the system owner will inform to MIS, DGHS.<br/>\
By signing below, the service owner agrees to the above terms and confirms compliance with the stated conditions.<br/>\
            	Mohakhali	01746605604	ame@mis.dghs.gov.bd	Younus Jamil Rana	MIS	AME	01746605604	ame@mis.dghs.gov.bd	Dr. BM Riazul Islam	Deputy Chief	01737230847	riaz@mis.dghs.gov.bd	Younus Jamil Rana	AME	01746605604	ame@mis.dghs.gov.bd	Dr. BM Riazul Islam	MIS	01737230847	riaz@mis.dghs.gov.bd	Develop AI model	will be use in health sector		N/A	N/A	N/A	N/A	Development		Application		Other	16	32 GB		50 GB		Other	250	\N	UBUNTU	24.04 LTS (64 bit)	Open Source	N/A	N/A	Requester	Open source	Local Network							Other	Requester	Monthly	accept	YOUNUS JAMIL RANA	665442552_1763872495.jpeg	2025-11-23	accept	N/A	Approved & Deployed	Younus Jamil Rana	Kazi Fabliha Tasnim	Sukhendu Shekhor Roy	Zulfiker Ali	ai-development	NNS Solution Ltd\
\
	2025-11-26  2:30PM	Server name: ai-development\
Server IP : 172.16.18.171\
OS : Ubuntu 24.04\
CPU : 16\
Memory : 32G\
Storage :50+250 GB\
Username; root/ mishealth	2025-12-03	AI Model Development	0000-00-00	Yes	N/A	N/A	N/A	N/A		\N
545	mPower Social Enterprise Limited	1	0	102	•	Without DGHSs managements prior written approval Data Center management personnel of DGHS will not provide management access to the server from the internet.<br/>\
•	All required information must be filled up by the requester of the server.<br/>\
•	Server deployment will be done after approval from DGHS MIS authority.<br/>\
•	The requester must ensure that their software or web application does not contain any malicious code, vulnerabilities, or defects that could compromise the security, stability, or performance of the server or the network.<br/>\
•	All applications deployed on the server must comply with established national and international industry security standards and best practices.<br/>\
•	The service owner will be responsible for any harm caused by their software or web application, including data breaches, service disruptions, or unauthorized access resulting from the application.<br/>\
•	The service owner must test their software for risks/vulnerabilities before deployment and a report will be submitted to MIS.<br/>\
•	Required patch update or anything needful to ensure cyber security must be done by developer or organization.<br/>\
•	In the case of API integration, the service owner must comply with all terms and conditions as outlined in the API contract.<br/>\
•	DGHS will perform centralized backup (minimum 24 hour interval) of data from the above specified location only and the data will be retained as per retention policy.<br/>\
•	For DB backup, Database Administrator is fully responsible for storing the dump files into the defined backup directory as per above specified RPO time interval.<br/>\
•	RPO (Recovery Point Objective) is the maximum time of data loss that can tolerate.<br/>\
•	Basic installation of OS will be done by DGHS. In case of any specific package installation/configuration will be required, then DGHS will provide console login to the server so that application vendor can install OS/packages of their own.<br/>\
•	Each deployed system must undergo an half yearly review and renewal process. The service owner must submit a renewal request. Failure to renew within the stipulated period may result in suspension or decommissioning of the system.<br/>\
•	If the system is no longer in use for any reason, then the system owner will inform to MIS, DGHS.<br/>\
By signing below, the service owner agrees to the above terms and confirms compliance with the stated conditions.<br/>\
            	House No. 10 (Level-03), Rd No. 96, Gulshan 2,\
Dhaka 1212, Bangladesh\
	880241080840	info@mpower-social.com	Md. Zahinur Alam	IT and Infrastructure	Network Administrator	01719346525	zahin@mpower-social.com	Martuza Ahmed	Director	01717571732	Martuza@mpower-social.com	Sakib Ahmed Porosh	Project Manager, Project Management Office	01778635363	Porosh@mpower-social.com	mPower Social Enterprise Limited	House No. 10 (Level-03), Rd No. 96, Gulshan 2,\
Dhaka 1212, Bangladesh	880241080840	info@mpower-social.com	VA Deployment	Verbal Autopsy Date Registration		NodeJS	NodeJS	postgresql	N/A	Production		Other	Application with database	8 cores		16 GB		Other	100GB	Other	400GB	RAID 5	ubuntu 	 24.04-64bit	Open Source	N/A	whova.dghs.gov.bd	MIS	Paid	Remote Access	80		443				Other	MIS	Daily	accept	Toufiq Hasan Shawon	603862662_1756377604.jpeg	2025-12-14	accept	100GB	Approved & Deployed	Younus Jamil Rana	Kazi Fabliha Tasnim	Sukhendu Shekhor Roy	Zulfiker Ali	who-va-mgnt	NNS Solution Ltd\
	2025-12-29  1:00PM	Server name: who-va-mgnt\
Server IP : 172.16.18.173\
OS : Ubuntu 24.04\
CPU : 8\
Memory : 16G\
Storage :100+400 GB \
Username; root/ mishealth\
	2025-12-29	WHO-Verbal Autopsy Management System	2026-05-31	Yes	Open Source	Open Source	postgresql	N/A		\N
546	MIS, NCD, and icddr'b collaboration	1	0	98	•	Without DGHSs managements prior written approval Data Center management personnel of DGHS will not provide management access to the server from the internet.<br/>\
•	All required information must be filled up by the requester of the server.<br/>\
•	Server deployment will be done after approval from DGHS MIS authority.<br/>\
•	The requester must ensure that their software or web application does not contain any malicious code, vulnerabilities, or defects that could compromise the security, stability, or performance of the server or the network.<br/>\
•	All applications deployed on the server must comply with established national and international industry security standards and best practices.<br/>\
•	The service owner will be responsible for any harm caused by their software or web application, including data breaches, service disruptions, or unauthorized access resulting from the application.<br/>\
•	The service owner must test their software for risks/vulnerabilities before deployment and a report will be submitted to MIS.<br/>\
•	Required patch update or anything needful to ensure cyber security must be done by developer or organization.<br/>\
•	In the case of API integration, the service owner must comply with all terms and conditions as outlined in the API contract.<br/>\
•	DGHS will perform centralized backup (minimum 24 hour interval) of data from the above specified location only and the data will be retained as per retention policy.<br/>\
•	For DB backup, Database Administrator is fully responsible for storing the dump files into the defined backup directory as per above specified RPO time interval.<br/>\
•	RPO (Recovery Point Objective) is the maximum time of data loss that can tolerate.<br/>\
•	Basic installation of OS will be done by DGHS. In case of any specific package installation/configuration will be required, then DGHS will provide console login to the server so that application vendor can install OS/packages of their own.<br/>\
•	Each deployed system must undergo an half yearly review and renewal process. The service owner must submit a renewal request. Failure to renew within the stipulated period may result in suspension or decommissioning of the system.<br/>\
•	If the system is no longer in use for any reason, then the system owner will inform to MIS, DGHS.<br/>\
By signing below, the service owner agrees to the above terms and confirms compliance with the stated conditions.<br/>\
            	MIS, DGHS	01322858216	sofordar@mis.dghs.gov.bd	Abu Yousuf Rana	ICDDRB	Programmer	01724284768	abuyousufranacse@gmail.com	Dr. Md Zahisul Islam	OSD, DGHS	01715121973	sofordar@mis.dghs.gov.bd	N/A	N/A	0	N/A@N/A	Md Mahfujul Haque, consultant, icddrb	Green Garden, New Town, Road no 8, Badsha Mia Road, Jatrabari, Dhaka	01738069084	mahfuj.npi@gnail.com	Production Server	Production Server		AngularJS, ReactJS, js, HTML, CSS	Java, Python Asp.net	Mysql	OpenMRS+	Production		Other	App+DB	8 cores		32 GB		50 GB		Other	5TB	\N	CentOS	7.6	Open Source	NA	dghs.gov.bd	Requester	Open source	Internet Access							50 GB	MIS	Daily	accept	Dr. Md. Zahidul Islam	1625005159_1753607559.jpg	2025-12-22	accept		Approved & Deployed	Younus Jamil Rana	Kazi Fabliha Tasnim	Sukhendu Shekhor Roy	Zulfiker Ali	ncd_salinity-02	NNS Solution Ltd\
\
	2025-12-29  1:00PM	Server name: ncd_salinity-02\
Server IP : 172.16.18.174\
OS : CentOS 7.6\
CPU : 8\
Memory : 32G\
Storage :50GB 5TB 50GB\
Username; root/ mishealth	2025-12-29	ncd_salinity	2027-12-31	Yes	open Source	open Source	open Source	open Source		\N
547	DGHS, MIS	1	0	103	•	Without DGHSs managements prior written approval Data Center management personnel of DGHS will not provide management access to the server from the internet.<br/>\
•	All required information must be filled up by the requester of the server.<br/>\
•	Server deployment will be done after approval from DGHS MIS authority.<br/>\
•	The requester must ensure that their software or web application does not contain any malicious code, vulnerabilities, or defects that could compromise the security, stability, or performance of the server or the network.<br/>\
•	All applications deployed on the server must comply with established national and international industry security standards and best practices.<br/>\
•	The service owner will be responsible for any harm caused by their software or web application, including data breaches, service disruptions, or unauthorized access resulting from the application.<br/>\
•	The service owner must test their software for risks/vulnerabilities before deployment and a report will be submitted to MIS.<br/>\
•	Required patch update or anything needful to ensure cyber security must be done by developer or organization.<br/>\
•	In the case of API integration, the service owner must comply with all terms and conditions as outlined in the API contract.<br/>\
•	DGHS will perform centralized backup (minimum 24 hour interval) of data from the above specified location only and the data will be retained as per retention policy.<br/>\
•	For DB backup, Database Administrator is fully responsible for storing the dump files into the defined backup directory as per above specified RPO time interval.<br/>\
•	RPO (Recovery Point Objective) is the maximum time of data loss that can tolerate.<br/>\
•	Basic installation of OS will be done by DGHS. In case of any specific package installation/configuration will be required, then DGHS will provide console login to the server so that application vendor can install OS/packages of their own.<br/>\
•	Each deployed system must undergo an half yearly review and renewal process. The service owner must submit a renewal request. Failure to renew within the stipulated period may result in suspension or decommissioning of the system.<br/>\
•	If the system is no longer in use for any reason, then the system owner will inform to MIS, DGHS.<br/>\
By signing below, the service owner agrees to the above terms and confirms compliance with the stated conditions.<br/>\
            	DGHS, MIS, Mohakhali			Md. Akber Hossain	MIS	Programmer	01701248094	akber.hossain@mis.dghs.gov.bd	Md. Akber Hossain	Programmer	01701248094	akber.hossain@mis.dghs.gov.bd	Md. Akber Hossain	Programmer	01701248094	akber.hossain@mis.dghs.gov.bd	mPower Social Ent. Ltd	House-10, Appartment-410, Level-3, Road: 96, Gulshan-2, Dhaka-1212	01715030910	mosharrof@mpower-social.com	Production Server for OpenSRP FDMN field implementation.	Improve Proactive Service Delivery & Follow-up: To significantly reduce missed ANC, PNC, and EPI (child immunization) services by empowering CHWs with targeted digital tools for priority task identification and automated missed-visit notifications. Ensure Seamless Data Flow & OpenMRS 3.0 Functionality: To successfully deploy and validate the OpenMRS bahmni solution at the facility level, ensuring its effective use by CHW's and establishing robust, bi-directional data sharing with OpenSRP FDMN. 		OpenSRP, OpenMRS	OpenSRP, OpenMRS	Postgres	No	Production		Application		8 cores		16 GB		Other		Other	200	\N	Ubuntu	22.04 / 24.04 LTS (64-bit)	Requester	No	dghs.gov.bd	Requester	Open source	Remote Access							Other	Requester	Monthly	accept	Akber Hossain	1500198893_1756624441.jpg	2026-01-13	accept	0	Approved & Deployed	Younus Jamil Rana	Kazi Fabliha Tasnim	Sukhendu Shekhor Roy	Zulfiker Ali	srp-fdmn01	NNS Solution Ltd\
	2026-01-19  4:00PM	Server name: srp-fdmn01\
Server IP : 172.16.18.178\
OS : Ubuntu 22.04\
CPU : 8\
Memory : 16G\
Storage :200+20 GB\
Username; root/ mishealth \
Password: a!@srp&456#	2026-01-19	OpenSRP FDMN	2026-12-31	Yes	Opensource	Opensource	Opensource	No		\N
548	DGHS, MIS	1	0	103	•	Without DGHSs managements prior written approval Data Center management personnel of DGHS will not provide management access to the server from the internet.<br/>\
•	All required information must be filled up by the requester of the server.<br/>\
•	Server deployment will be done after approval from DGHS MIS authority.<br/>\
•	The requester must ensure that their software or web application does not contain any malicious code, vulnerabilities, or defects that could compromise the security, stability, or performance of the server or the network.<br/>\
•	All applications deployed on the server must comply with established national and international industry security standards and best practices.<br/>\
•	The service owner will be responsible for any harm caused by their software or web application, including data breaches, service disruptions, or unauthorized access resulting from the application.<br/>\
•	The service owner must test their software for risks/vulnerabilities before deployment and a report will be submitted to MIS.<br/>\
•	Required patch update or anything needful to ensure cyber security must be done by developer or organization.<br/>\
•	In the case of API integration, the service owner must comply with all terms and conditions as outlined in the API contract.<br/>\
•	DGHS will perform centralized backup (minimum 24 hour interval) of data from the above specified location only and the data will be retained as per retention policy.<br/>\
•	For DB backup, Database Administrator is fully responsible for storing the dump files into the defined backup directory as per above specified RPO time interval.<br/>\
•	RPO (Recovery Point Objective) is the maximum time of data loss that can tolerate.<br/>\
•	Basic installation of OS will be done by DGHS. In case of any specific package installation/configuration will be required, then DGHS will provide console login to the server so that application vendor can install OS/packages of their own.<br/>\
•	Each deployed system must undergo an half yearly review and renewal process. The service owner must submit a renewal request. Failure to renew within the stipulated period may result in suspension or decommissioning of the system.<br/>\
•	If the system is no longer in use for any reason, then the system owner will inform to MIS, DGHS.<br/>\
By signing below, the service owner agrees to the above terms and confirms compliance with the stated conditions.<br/>\
            	DGHS, MIS, Mohakhali			Md. Akber Hossain	MIS	Programmer	01701248094	akber.hossain@mis.dghs.gov.bd	Md. Akber Hossain	Programmer	01701248094	akber.hossain@mis.dghs.gov.bd	Md. Akber Hossain	Programmer	01701248094	akber.hossain@mis.dghs.gov.bd	mPower Social Ent. Ltd	House-10, Appartment-410, Level-3, Road: 96, Gulshan-2, Dhaka-1212	01715030910	mosharrof@mpower-social.com	Production Server for OpenSRP FDMN field implementation.	Improve Proactive Service Delivery & Follow-up: To significantly reduce missed ANC, PNC, and EPI (child immunization) services by empowering CHWs with targeted digital tools for priority task identification and automated missed-visit notifications. Ensure Seamless Data Flow & OpenMRS 3.0 Functionality: To successfully deploy and validate the OpenMRS bahmni solution at the facility level, ensuring its effective use by CHW's and establishing robust, bi-directional data sharing with OpenSRP FDMN.		OpenSRP, OpenMRS	OpenSRP, OpenMRS	Postgres	No	Production		Database		8 cores		16 GB		Other		500 GB		\N	Ubuntu	22.04 / 24.04 LTS (64-bit)	Requester	No	No	Requester	Open source	Remote Access							Other	Requester	Monthly	accept	Akber Hossain	1500198893_1756624441.jpg	2026-01-13	accept		Approved & Deployed	Younus Jamil Rana	Kazi Fabliha Tasnim	Sukhendu Shekhor Roy	Zulfiker Ali	srp-fdmn02	NNS Solution Ltd\
	2026-01-19  4:00PM\
	Server name: srp-fdmn02\
Server IP : 172.16.18.179\
OS : Ubuntu 22.04\
CPU : 8\
Memory : 16G\
Storage :500 GB\
Username; root/ mishealth \
	2026-01-19	OpenSRP FDMN	2026-12-31	Yes	Opensource	Opensource	Opensource	No		\N
549	Simple App activity of MIS-NCDC-DGHS	1	0	98	•	Without DGHSs managements prior written approval Data Center management personnel of DGHS will not provide management access to the server from the internet.<br/>\
•	All required information must be filled up by the requester of the server.<br/>\
•	Server deployment will be done after approval from DGHS MIS authority.<br/>\
•	The requester must ensure that their software or web application does not contain any malicious code, vulnerabilities, or defects that could compromise the security, stability, or performance of the server or the network.<br/>\
•	All applications deployed on the server must comply with established national and international industry security standards and best practices.<br/>\
•	The service owner will be responsible for any harm caused by their software or web application, including data breaches, service disruptions, or unauthorized access resulting from the application.<br/>\
•	The service owner must test their software for risks/vulnerabilities before deployment and a report will be submitted to MIS.<br/>\
•	Required patch update or anything needful to ensure cyber security must be done by developer or organization.<br/>\
•	In the case of API integration, the service owner must comply with all terms and conditions as outlined in the API contract.<br/>\
•	DGHS will perform centralized backup (minimum 24 hour interval) of data from the above specified location only and the data will be retained as per retention policy.<br/>\
•	For DB backup, Database Administrator is fully responsible for storing the dump files into the defined backup directory as per above specified RPO time interval.<br/>\
•	RPO (Recovery Point Objective) is the maximum time of data loss that can tolerate.<br/>\
•	Basic installation of OS will be done by DGHS. In case of any specific package installation/configuration will be required, then DGHS will provide console login to the server so that application vendor can install OS/packages of their own.<br/>\
•	Each deployed system must undergo an half yearly review and renewal process. The service owner must submit a renewal request. Failure to renew within the stipulated period may result in suspension or decommissioning of the system.<br/>\
•	If the system is no longer in use for any reason, then the system owner will inform to MIS, DGHS.<br/>\
By signing below, the service owner agrees to the above terms and confirms compliance with the stated conditions.<br/>\
            	MIS-DGHS	01715121973		Md.Samsul Haque	Technology	Devops Consultant	01730372957	sumonrubd@gmail.com	Dr. Md. Zahidul Islam	OSD-MIS-DGHS	01322858216	dpmehealth@gmail.com	NA	NA	01322858216	NA	NA	NA	01730372957	NA	Production migration of Simple App from AWS.	Data will be our MIS dc and platform will be in our control 	NA	NA	NA	NA	NA	Production		Other	ALL	Other	NA	Other	NA	Other	NA	\N		\N	Ubuntu-24.04, LTS ,Server	LTS	Open Source	No	VM Name	Purpose	Applications / Workload	Role	VM Type	OS	vCPU	Memory	System Disk	Data Disk	Notes\
1	k3s-master-01	Master + Ingress	API Routing, Ingress, Cluster Control	K3s Master	Standard	Ubuntu 22.04 LTS	4	8 GB	100 GB	–	HA Master (etcd member)\
2	k3s-master-02	Master + Ingress	API Routing, Ingress, Cluster Control	K3s Master	Standard	Ubuntu 22.04 LTS	4	8 GB	100 GB	–	HA Master (etcd member)\
3	k3s-master-03	Master + Ingress	API Routing, Ingress, Cluster Control	K3s Master	Standard	Ubuntu 22.04 LTS	4	8 GB	100 GB	–	HA Master (etcd member)\
4	k3s-backup-01	External Backup Node	DB backups, cluster snapshots, monitoring scripts	Backup/Mgmt	Standard	Ubuntu 22.04 LTS	4	8 GB	100 GB	–	**Outside cluster** – etcd backups & mgmt\
5	k3s-worker-01	Database Node	Primary PostgreSQL DB	Worker Node	High-Spec	Ubuntu 22.04 LTS	8	16 GB	100 GB	1 TB	Database/StatefulSet workloads\
6	k3s-worker-02	Database Node	Replica / HA / WAL Archival	Worker Node	High-Spec	Ubuntu 22.04 LTS	8	16 GB	100 GB	1 TB	Database/StatefulSet workloads\
7	k3s-worker-03	Redis Cache Node	Redis Cache	Worker Node	Standard	Ubuntu 22.04 LTS	4	8 GB	100 GB	–	General workloads\
8	k3s-worker-04	Redis Worker + Monitoring	Redis Queue Worker, Prometheus Node Exporter	Worker Node	Standard	Ubuntu 22.04 LTS	4	8 GB	100 GB	–	General workloads\
9	k3s-worker-05	App Server Node	API / Backend	Worker Node	Standard	Ubuntu 22.04 LTS	4	8 GB	100 GB	–	General workloads\
10	k3s-worker-06	App Server Node	API / Backend	Worker Node	Standard	Ubuntu 22.04 LTS	4	8 GB	100 GB	–	General workloads\
11	k3s-worker-07	Analytics Node	Metabase	Worker Node	Standard	Ubuntu 22.04 LTS	4	8 GB	100 GB	–	General workloads\
12	k3s-worker-08	Worker & Cron Node	Background Jobs, Cron Jobs	Worker Node	Standard	Ubuntu 22.04 LTS	4	8 GB	100 GB	–	General workloads\
13	k3s-worker-09	Redis Worker + Monitoring	Redis Queue Worker, Prometheus Node Exporter	Worker Node	Standard	Ubuntu 22.04 LTS	4	8 GB	100 GB	–	General workloads\
 \
VM IP will be in same IP block .After allocated vm IP need extra 3 private IP . One for Load Balancer and others for operational work.\
 and need two public IP and used for\
Public IP #1 – Application Traffic\
Used for: \
? API Gateway / Ingress NGINX\
? Mobile app, frontend, partner systems\
? HTTPS termination\
Public IP #2 – Management / Admin Access\
Used for:\
? Admin Panel\
? Metabase access	NA	Requester	Open source	Remote Access	22	ssh	80	web	443	secure web	Other	Requester	Daily	accept	Dr. Md. Zahidul Islam	1598286129_1768470179.png	2026-01-15	accept	NA	Forwarded	Younus Jamil Rana	Kazi Fabliha Tasnim	\N	\N	\N	\N	\N	\N	\N	Simple App migration from AWS to MIS DC	0000-00-00	Yes	NA	NA	NA	NA	\N	\N
550	UNICEF-GIS based online microplan Dashboard	1	0	102	•	Without DGHSs managements prior written approval Data Center management personnel of DGHS will not provide management access to the server from the internet.<br/>\
•	All required information must be filled up by the requester of the server.<br/>\
•	Server deployment will be done after approval from DGHS MIS authority.<br/>\
•	The requester must ensure that their software or web application does not contain any malicious code, vulnerabilities, or defects that could compromise the security, stability, or performance of the server or the network.<br/>\
•	All applications deployed on the server must comply with established national and international industry security standards and best practices.<br/>\
•	The service owner will be responsible for any harm caused by their software or web application, including data breaches, service disruptions, or unauthorized access resulting from the application.<br/>\
•	The service owner must test their software for risks/vulnerabilities before deployment and a report will be submitted to MIS.<br/>\
•	Required patch update or anything needful to ensure cyber security must be done by developer or organization.<br/>\
•	In the case of API integration, the service owner must comply with all terms and conditions as outlined in the API contract.<br/>\
•	DGHS will perform centralized backup (minimum 24 hour interval) of data from the above specified location only and the data will be retained as per retention policy.<br/>\
•	For DB backup, Database Administrator is fully responsible for storing the dump files into the defined backup directory as per above specified RPO time interval.<br/>\
•	RPO (Recovery Point Objective) is the maximum time of data loss that can tolerate.<br/>\
•	Basic installation of OS will be done by DGHS. In case of any specific package installation/configuration will be required, then DGHS will provide console login to the server so that application vendor can install OS/packages of their own.<br/>\
•	Each deployed system must undergo an half yearly review and renewal process. The service owner must submit a renewal request. Failure to renew within the stipulated period may result in suspension or decommissioning of the system.<br/>\
•	If the system is no longer in use for any reason, then the system owner will inform to MIS, DGHS.<br/>\
By signing below, the service owner agrees to the above terms and confirms compliance with the stated conditions.<br/>\
            	UNICEF House, Plot # E-30, Syed Mahbub Morshed Avenue, Sher-E-Bangla Nagar, Agargaon, Dhaka-1207, Bangladesh	01755621894	mparvez@unicef.org	Masud Parvez	Health	Health Officer (eHMIS)	01755621894	mparvez@unicef.org	Masud Parvez	Health Officer (eHMIS)	01755621894	mparvez@unicef.org	Zahid Shahed	Health Officer	01711367476	mshahed@unicef.org	EQMS	House No, 53 Rd No 4, Dhaka 1213	01637079974	bipul.paul@eqms.com.bd	UNICEF-GIS based online microplan Dashboard	UNICEF-GIS based online microplan Dashboard		PHP Laravel	NA	MySQL	Leaflet, JavaScript	Production		Application		8 cores		16 GB		20 GB		100 GB		RAID 10	Ubuntu LTS	22.04	Open Source	NA	dghs.gov.bd	Requester	Open source	Local Network	00	na					20 GB	Requester	Hourly	accept	Toufiq Hasan Shawon	603862662_1756377604.jpeg	2026-02-05	accept		Draft	\N	\N	\N	\N	\N	\N	\N	\N	\N	UNICEF-GIS Based Dashboard	2026-12-31	No	na	na	na	na	\N	gisdashboard.dghs.gov.bd
551	MIS, DGHS	1	0	99	•	Without DGHSs managements prior written approval Data Center management personnel of DGHS will not provide management access to the server from the internet.<br/>\
•	All required information must be filled up by the requester of the server.<br/>\
•	Server deployment will be done after approval from DGHS MIS authority.<br/>\
•	The requester must ensure that their software or web application does not contain any malicious code, vulnerabilities, or defects that could compromise the security, stability, or performance of the server or the network.<br/>\
•	All applications deployed on the server must comply with established national and international industry security standards and best practices.<br/>\
•	The service owner will be responsible for any harm caused by their software or web application, including data breaches, service disruptions, or unauthorized access resulting from the application.<br/>\
•	The service owner must test their software for risks/vulnerabilities before deployment and a report will be submitted to MIS.<br/>\
•	Required patch update or anything needful to ensure cyber security must be done by developer or organization.<br/>\
•	In the case of API integration, the service owner must comply with all terms and conditions as outlined in the API contract.<br/>\
•	DGHS will perform centralized backup (minimum 24 hour interval) of data from the above specified location only and the data will be retained as per retention policy.<br/>\
•	For DB backup, Database Administrator is fully responsible for storing the dump files into the defined backup directory as per above specified RPO time interval.<br/>\
•	RPO (Recovery Point Objective) is the maximum time of data loss that can tolerate.<br/>\
•	Basic installation of OS will be done by DGHS. In case of any specific package installation/configuration will be required, then DGHS will provide console login to the server so that application vendor can install OS/packages of their own.<br/>\
•	Each deployed system must undergo an half yearly review and renewal process. The service owner must submit a renewal request. Failure to renew within the stipulated period may result in suspension or decommissioning of the system.<br/>\
•	If the system is no longer in use for any reason, then the system owner will inform to MIS, DGHS.<br/>\
By signing below, the service owner agrees to the above terms and confirms compliance with the stated conditions.<br/>\
            	TB Gate, Mohakhali, Dhaka			Muhammed Ziaul Alam Chowdhury	MIS, DGHS	System Analyst	01711731891	system.analyst@mis.dghs.gov.bd	Muhammed Ziaul Alam Chowdhury	System Analyst	01711731891	system.analyst@mis.dghs.gov.bd	Masud Parvez (Unicef Focal)	Health Officer (eHMIS)	01755621894	mparvez@unicef.org	EQMS	House No, 53 Rd No 4, Dhaka 1213	01637079974	bipul.paul@eqms.com.bd	UNICEF-GIS based online microplan Dashboard	UNICEF-GIS based online microplan Dashboard		PHP Laravel	NA	MySQL	Leaflet, JavaScript	Production		Application		8 cores		16 GB		20 GB		100 GB		RAID 10	Ubuntu LTS	22.04	Open Source	N/A	dghs.gov.bd	Requester	Open source	Local Network							20 GB	Requester	Hourly	accept	Muhammed Ziaul Alam Chowdhury	2000402826_1753610398.png	2026-02-19	accept		Approved & Deployed	Younus Jamil Rana	Kazi Fabliha Tasnim	Sukhendu Shekhor Roy	Zulfiker Ali		NNS Solution Ltd\
	2026-02-23  12:30PM	Server name: unicef-gis\
Server IP : 172.16.18.186\
OS : Ubuntu 22.04\
CPU : 8\
Memory : 16G\
Storage :100+20+20 GB\
Username; root/ mishealth 	2026-02-23	UNICEF-GIS Based Dashboard	2026-12-31	Yes	N/A	N/A	N/A	N/A		gisdashboard.dghs.gov.bd
552	WHO Bangladesh\
	1	0	107	•	Without DGHSs managements prior written approval Data Center management personnel of DGHS will not provide management access to the server from the internet.<br/>\
•	All required information must be filled up by the requester of the server.<br/>\
•	Server deployment will be done after approval from DGHS MIS authority.<br/>\
•	The requester must ensure that their software or web application does not contain any malicious code, vulnerabilities, or defects that could compromise the security, stability, or performance of the server or the network.<br/>\
•	All applications deployed on the server must comply with established national and international industry security standards and best practices.<br/>\
•	The service owner will be responsible for any harm caused by their software or web application, including data breaches, service disruptions, or unauthorized access resulting from the application.<br/>\
•	The service owner must test their software for risks/vulnerabilities before deployment and a report will be submitted to MIS.<br/>\
•	Required patch update or anything needful to ensure cyber security must be done by developer or organization.<br/>\
•	In the case of API integration, the service owner must comply with all terms and conditions as outlined in the API contract.<br/>\
•	DGHS will perform centralized backup (minimum 24 hour interval) of data from the above specified location only and the data will be retained as per retention policy.<br/>\
•	For DB backup, Database Administrator is fully responsible for storing the dump files into the defined backup directory as per above specified RPO time interval.<br/>\
•	RPO (Recovery Point Objective) is the maximum time of data loss that can tolerate.<br/>\
•	Basic installation of OS will be done by DGHS. In case of any specific package installation/configuration will be required, then DGHS will provide console login to the server so that application vendor can install OS/packages of their own.<br/>\
•	Each deployed system must undergo an half yearly review and renewal process. The service owner must submit a renewal request. Failure to renew within the stipulated period may result in suspension or decommissioning of the system.<br/>\
•	If the system is no longer in use for any reason, then the system owner will inform to MIS, DGHS.<br/>\
By signing below, the service owner agrees to the above terms and confirms compliance with the stated conditions.<br/>\
            	House 1/A, Road No. 8, Dhaka 1212			 Younus Jamil Rana	MIS	Assistant Maintenance Engineer	01746605604	ame@mis.dghs.gov.bd	Younus Jamil Rana	Assistant Maintenance Engineer	01746605604	ame@mis.dghs.gov.bd	Md. Hasanuzzaman KHAN	Data Manager, WHO-IVD	01730787386	mdkhan@who.int	Mr Rifat	House 1/A, Road No. 8, Dhaka 1212	01909899986	rifat.ivd@gmail.com	To deploy eLearning System with kubernatese	User can learn enroll different courses 		React	python	pgsql	n\\a	Production		Application		8 cores		16 GB		Other	500	\N		\N	arch-gis-elearn05	Ubuntu 24.04	Requester	n\\a	n\\a	MIS	Open source	Internet Access							Other	MIS	Daily	accept	YOUNUS JAMIL RANA	665442552_1763872495.jpeg	2026-03-12	accept	500	Approved & Deployed	Younus Jamil Rana	Kazi Fabliha Tasnim	Sukhendu Shekhor Roy	Zulfiker Ali	arch-gis-elearn05	NNS Solution System Integration team	03/16/2026	name: arch-gis-elearn05\
Server IP : 172.16.18.187\
OS : UBUNTU 24.04\
CPU : 8\
Memory : 16 G\
Storage :500 GB\
	2026-03-16	N/A	2026-03-12	Yes	n\\a	n\\a	n\\a	n\\a		n\\a
553	DGHS, MIS, Mohakhali	1	0	103	•	Without DGHSs managements prior written approval Data Center management personnel of DGHS will not provide management access to the server from the internet.<br/>\
•	All required information must be filled up by the requester of the server.<br/>\
•	Server deployment will be done after approval from DGHS MIS authority.<br/>\
•	The requester must ensure that their software or web application does not contain any malicious code, vulnerabilities, or defects that could compromise the security, stability, or performance of the server or the network.<br/>\
•	All applications deployed on the server must comply with established national and international industry security standards and best practices.<br/>\
•	The service owner will be responsible for any harm caused by their software or web application, including data breaches, service disruptions, or unauthorized access resulting from the application.<br/>\
•	The service owner must test their software for risks/vulnerabilities before deployment and a report will be submitted to MIS.<br/>\
•	Required patch update or anything needful to ensure cyber security must be done by developer or organization.<br/>\
•	In the case of API integration, the service owner must comply with all terms and conditions as outlined in the API contract.<br/>\
•	DGHS will perform centralized backup (minimum 24 hour interval) of data from the above specified location only and the data will be retained as per retention policy.<br/>\
•	For DB backup, Database Administrator is fully responsible for storing the dump files into the defined backup directory as per above specified RPO time interval.<br/>\
•	RPO (Recovery Point Objective) is the maximum time of data loss that can tolerate.<br/>\
•	Basic installation of OS will be done by DGHS. In case of any specific package installation/configuration will be required, then DGHS will provide console login to the server so that application vendor can install OS/packages of their own.<br/>\
•	Each deployed system must undergo an half yearly review and renewal process. The service owner must submit a renewal request. Failure to renew within the stipulated period may result in suspension or decommissioning of the system.<br/>\
•	If the system is no longer in use for any reason, then the system owner will inform to MIS, DGHS.<br/>\
By signing below, the service owner agrees to the above terms and confirms compliance with the stated conditions.<br/>\
            	DGHS, MIS, Mohakhali	01873212178	akbermirage@gmail.com	Md. Akber Hossain	MIS	Programmer	01873212178	akbermirage@gmail.com	Md. Akber Hossain	Programmer	01873212178	akbermirage@gmail.com	Md. Akber Hossain	Programmer	01873212178	akbermirage@gmail.com	MD. AKBER HOSSAIN	Dhaka	01873212178	akbermirage@gmail.com	Test Server (UAT)	UAT		.Net 6 , JAVA , HTML	C.Sharp	MS SQL Server	Not Applicable	Testing		Application		8 cores		32 GB		50 GB		\N		\N	Linux docker	up to date	Open Source	Not Applicable	Any	MIS	Open source	Local Network							Other	MIS	Monthly	accept	Akber Hossain	1500198893_1756624441.jpg	2026-03-29	accept		Approved	Younus Jamil Rana	Kazi Fabliha Tasnim	Sukhendu Shekhor Roy	\N	\N	\N	\N	\N	\N	OP-DPP Project Dashborad	0000-00-00	Yes	Not Applicable	Not Applicable	Not Applicable	Not Applicable	\N	Not Applicable
554	DGHS, MIS	1	0	103	•	Without DGHSs managements prior written approval Data Center management personnel of DGHS will not provide management access to the server from the internet.<br/>\
•	All required information must be filled up by the requester of the server.<br/>\
•	Server deployment will be done after approval from DGHS MIS authority.<br/>\
•	The requester must ensure that their software or web application does not contain any malicious code, vulnerabilities, or defects that could compromise the security, stability, or performance of the server or the network.<br/>\
•	All applications deployed on the server must comply with established national and international industry security standards and best practices.<br/>\
•	The service owner will be responsible for any harm caused by their software or web application, including data breaches, service disruptions, or unauthorized access resulting from the application.<br/>\
•	The service owner must test their software for risks/vulnerabilities before deployment and a report will be submitted to MIS.<br/>\
•	Required patch update or anything needful to ensure cyber security must be done by developer or organization.<br/>\
•	In the case of API integration, the service owner must comply with all terms and conditions as outlined in the API contract.<br/>\
•	DGHS will perform centralized backup (minimum 24 hour interval) of data from the above specified location only and the data will be retained as per retention policy.<br/>\
•	For DB backup, Database Administrator is fully responsible for storing the dump files into the defined backup directory as per above specified RPO time interval.<br/>\
•	RPO (Recovery Point Objective) is the maximum time of data loss that can tolerate.<br/>\
•	Basic installation of OS will be done by DGHS. In case of any specific package installation/configuration will be required, then DGHS will provide console login to the server so that application vendor can install OS/packages of their own.<br/>\
•	Each deployed system must undergo an half yearly review and renewal process. The service owner must submit a renewal request. Failure to renew within the stipulated period may result in suspension or decommissioning of the system.<br/>\
•	If the system is no longer in use for any reason, then the system owner will inform to MIS, DGHS.<br/>\
By signing below, the service owner agrees to the above terms and confirms compliance with the stated conditions.<br/>\
            	DGHS, MIS, Mohakhali			Md. Akber Hossain	MIS	Programmer	01701248094	akber.hossain@mis.dghs.gov.bd	Md. Akber Hossain	Programmer	01701248094	akber.hossain@mis.dghs.gov.bd	Md. Akber Hossain	Programmer	01701248094	akber.hossain@mis.dghs.gov.bd	mPower Social Ent. Ltd	House-10, Appartment-410, Level-3, Road: 96, Gulshan-2, Dhaka-1212	01715030910	mosharrof@mpower-social.com	Production Server for Dhis2 to OpenSRP data send middleware setup	This middleware will send data from Dhis2 to opensrp of Scanu and Kmc data facility to the community and the community to the facility. 		Php, html	Php, html	maria DB/my sql	NA	Production		Application		8 cores		16 GB		Other		100 GB		\N	Ubuntu	24.04 LTS (64-bit)	Requester	No	dhis2opensrp.dghs.gov.bd	Requester	Open source	Remote Access							Other	Requester	Monthly	accept	Akber Hossain	1500198893_1756624441.jpg	2026-04-02	accept		Forwarded	Younus Jamil Rana	\N	\N	\N	\N	\N	\N	\N	\N	OpenSRP	2027-12-31	Yes	Opensource	Opensource	Opensource	Opensource	\N	dhis2opensrp.dghs.gov.bd
